type,src_layer,dst_layer,u,v,weight
intra,phy,phy,u01,u02,0.2545454545454545
intra,phy,phy,u01,u04,0.3090909090909091
intra,phy,phy,u01,u05,0.10909090909090909
intra,phy,phy,u01,u07,0.21818181818181817
intra,phy,phy,u01,u08,0.07272727272727272
intra,phy,phy,u01,u09,0.16363636363636364
intra,phy,phy,u01,u10,0.18181818181818182
intra,phy,phy,u01,u14,0.03636363636363636
intra,phy,phy,u01,u15,0.23636363636363636
intra,phy,phy,u01,u16,0.05454545454545454
intra,phy,phy,u01,u18,0.14545454545454545
intra,phy,phy,u01,u19,0.05454545454545454
intra,phy,phy,u01,u22,0.09090909090909091
intra,phy,phy,u01,u24,0.14545454545454545
intra,phy,phy,u01,u25,0.3090909090909091
intra,phy,phy,u01,u27,0.12727272727272726
intra,phy,phy,u01,u30,0.32727272727272727
intra,phy,phy,u01,u33,0.09090909090909091
intra,phy,phy,u01,u43,0.10909090909090909
intra,phy,phy,u01,u46,0.14545454545454545
intra,phy,phy,u01,u49,0.18181818181818182
intra,phy,phy,u01,u54,0.14545454545454545
intra,phy,phy,u01,u57,0.12727272727272726
intra,phy,phy,u01,u59,0.23636363636363636
intra,phy,phy,u02,u01,0.2545454545454545
intra,phy,phy,u02,u04,0.8363636363636363
intra,phy,phy,u02,u05,0.23636363636363636
intra,phy,phy,u02,u07,0.2545454545454545
intra,phy,phy,u02,u08,0.10909090909090909
intra,phy,phy,u02,u09,0.4
intra,phy,phy,u02,u10,0.18181818181818182
intra,phy,phy,u02,u14,0.18181818181818182
intra,phy,phy,u02,u15,0.2727272727272727
intra,phy,phy,u02,u16,0.5818181818181818
intra,phy,phy,u02,u18,0.2
intra,phy,phy,u02,u19,0.2727272727272727
intra,phy,phy,u02,u20,0.01818181818181818
intra,phy,phy,u02,u22,0.32727272727272727
intra,phy,phy,u02,u24,0.2909090909090909
intra,phy,phy,u02,u25,0.09090909090909091
intra,phy,phy,u02,u27,0.2727272727272727
intra,phy,phy,u02,u30,0.41818181818181815
intra,phy,phy,u02,u32,0.2545454545454545
intra,phy,phy,u02,u33,0.21818181818181817
intra,phy,phy,u02,u43,0.2545454545454545
intra,phy,phy,u02,u46,0.5272727272727272
intra,phy,phy,u02,u49,0.10909090909090909
intra,phy,phy,u02,u54,0.2545454545454545
intra,phy,phy,u02,u57,0.8909090909090909
intra,phy,phy,u02,u59,0.41818181818181815
intra,phy,phy,u04,u01,0.3090909090909091
intra,phy,phy,u04,u02,0.8363636363636363
intra,phy,phy,u04,u05,0.5818181818181818
intra,phy,phy,u04,u07,0.23636363636363636
intra,phy,phy,u04,u08,0.23636363636363636
intra,phy,phy,u04,u09,0.509090909090909
intra,phy,phy,u04,u10,0.34545454545454546
intra,phy,phy,u04,u12,0.01818181818181818
intra,phy,phy,u04,u14,0.10909090909090909
intra,phy,phy,u04,u15,0.5454545454545454
intra,phy,phy,u04,u16,0.7090909090909091
intra,phy,phy,u04,u18,0.18181818181818182
intra,phy,phy,u04,u19,0.4727272727272727
intra,phy,phy,u04,u22,0.3090909090909091
intra,phy,phy,u04,u24,0.32727272727272727
intra,phy,phy,u04,u25,0.2909090909090909
intra,phy,phy,u04,u27,0.3090909090909091
intra,phy,phy,u04,u30,1.0
intra,phy,phy,u04,u32,0.18181818181818182
intra,phy,phy,u04,u33,0.23636363636363636
intra,phy,phy,u04,u43,0.21818181818181817
intra,phy,phy,u04,u46,0.4909090909090909
intra,phy,phy,u04,u47,0.10909090909090909
intra,phy,phy,u04,u49,0.14545454545454545
intra,phy,phy,u04,u54,0.23636363636363636
intra,phy,phy,u04,u57,0.6181818181818182
intra,phy,phy,u04,u59,0.2909090909090909
intra,phy,phy,u05,u01,0.10909090909090909
intra,phy,phy,u05,u02,0.23636363636363636
intra,phy,phy,u05,u04,0.5818181818181818
intra,phy,phy,u05,u07,0.14545454545454545
intra,phy,phy,u05,u08,0.21818181818181817
intra,phy,phy,u05,u09,0.18181818181818182
intra,phy,phy,u05,u10,0.07272727272727272
intra,phy,phy,u05,u12,0.01818181818181818
intra,phy,phy,u05,u14,0.2545454545454545
intra,phy,phy,u05,u15,0.21818181818181817
intra,phy,phy,u05,u16,0.21818181818181817
intra,phy,phy,u05,u18,0.01818181818181818
intra,phy,phy,u05,u19,0.34545454545454546
intra,phy,phy,u05,u22,0.03636363636363636
intra,phy,phy,u05,u24,0.14545454545454545
intra,phy,phy,u05,u25,0.10909090909090909
intra,phy,phy,u05,u27,0.10909090909090909
intra,phy,phy,u05,u30,0.6363636363636364
intra,phy,phy,u05,u32,0.2545454545454545
intra,phy,phy,u05,u33,0.05454545454545454
intra,phy,phy,u05,u43,0.09090909090909091
intra,phy,phy,u05,u46,0.23636363636363636
intra,phy,phy,u05,u49,0.10909090909090909
intra,phy,phy,u05,u54,0.23636363636363636
intra,phy,phy,u05,u57,0.2545454545454545
intra,phy,phy,u05,u59,0.14545454545454545
intra,phy,phy,u07,u01,0.21818181818181817
intra,phy,phy,u07,u02,0.2545454545454545
intra,phy,phy,u07,u04,0.23636363636363636
intra,phy,phy,u07,u05,0.14545454545454545
intra,phy,phy,u07,u08,0.05454545454545454
intra,phy,phy,u07,u09,0.23636363636363636
intra,phy,phy,u07,u10,0.2909090909090909
intra,phy,phy,u07,u14,0.14545454545454545
intra,phy,phy,u07,u15,0.23636363636363636
intra,phy,phy,u07,u16,0.2
intra,phy,phy,u07,u18,0.10909090909090909
intra,phy,phy,u07,u19,0.05454545454545454
intra,phy,phy,u07,u22,0.2727272727272727
intra,phy,phy,u07,u24,0.18181818181818182
intra,phy,phy,u07,u25,0.3090909090909091
intra,phy,phy,u07,u27,0.10909090909090909
intra,phy,phy,u07,u30,0.5454545454545454
intra,phy,phy,u07,u32,0.09090909090909091
intra,phy,phy,u07,u33,0.4
intra,phy,phy,u07,u43,0.21818181818181817
intra,phy,phy,u07,u46,0.21818181818181817
intra,phy,phy,u07,u49,0.03636363636363636
intra,phy,phy,u07,u54,0.14545454545454545
intra,phy,phy,u07,u57,0.6545454545454545
intra,phy,phy,u07,u59,0.2545454545454545
intra,phy,phy,u08,u01,0.07272727272727272
intra,phy,phy,u08,u02,0.10909090909090909
intra,phy,phy,u08,u04,0.23636363636363636
intra,phy,phy,u08,u05,0.21818181818181817
intra,phy,phy,u08,u07,0.05454545454545454
intra,phy,phy,u08,u09,0.16363636363636364
intra,phy,phy,u08,u10,0.16363636363636364
intra,phy,phy,u08,u14,0.14545454545454545
intra,phy,phy,u08,u15,0.18181818181818182
intra,phy,phy,u08,u16,0.09090909090909091
intra,phy,phy,u08,u18,0.10909090909090909
intra,phy,phy,u08,u19,0.14545454545454545
intra,phy,phy,u08,u22,0.05454545454545454
intra,phy,phy,u08,u24,0.05454545454545454
intra,phy,phy,u08,u25,0.07272727272727272
intra,phy,phy,u08,u27,0.10909090909090909
intra,phy,phy,u08,u30,0.16363636363636364
intra,phy,phy,u08,u32,0.05454545454545454
intra,phy,phy,u08,u33,0.09090909090909091
intra,phy,phy,u08,u43,0.01818181818181818
intra,phy,phy,u08,u46,0.21818181818181817
intra,phy,phy,u08,u49,0.03636363636363636
intra,phy,phy,u08,u54,0.2
intra,phy,phy,u08,u57,0.05454545454545454
intra,phy,phy,u08,u59,0.12727272727272726
intra,phy,phy,u09,u01,0.16363636363636364
intra,phy,phy,u09,u02,0.4
intra,phy,phy,u09,u04,0.509090909090909
intra,phy,phy,u09,u05,0.18181818181818182
intra,phy,phy,u09,u07,0.23636363636363636
intra,phy,phy,u09,u08,0.16363636363636364
intra,phy,phy,u09,u10,0.10909090909090909
intra,phy,phy,u09,u12,0.05454545454545454
intra,phy,phy,u09,u14,0.23636363636363636
intra,phy,phy,u09,u15,0.32727272727272727
intra,phy,phy,u09,u16,0.7636363636363637
intra,phy,phy,u09,u18,0.2727272727272727
intra,phy,phy,u09,u19,0.6
intra,phy,phy,u09,u22,0.18181818181818182
intra,phy,phy,u09,u24,0.4909090909090909
intra,phy,phy,u09,u25,0.2909090909090909
intra,phy,phy,u09,u27,0.38181818181818183
intra,phy,phy,u09,u30,0.6363636363636364
intra,phy,phy,u09,u32,0.14545454545454545
intra,phy,phy,u09,u33,0.05454545454545454
intra,phy,phy,u09,u43,0.32727272727272727
intra,phy,phy,u09,u46,0.2545454545454545
intra,phy,phy,u09,u47,0.01818181818181818
intra,phy,phy,u09,u49,0.03636363636363636
intra,phy,phy,u09,u54,0.16363636363636364
intra,phy,phy,u09,u57,0.6727272727272727
intra,phy,phy,u09,u59,0.38181818181818183
intra,phy,phy,u10,u01,0.18181818181818182
intra,phy,phy,u10,u02,0.18181818181818182
intra,phy,phy,u10,u04,0.34545454545454546
intra,phy,phy,u10,u05,0.07272727272727272
intra,phy,phy,u10,u07,0.2909090909090909
intra,phy,phy,u10,u08,0.16363636363636364
intra,phy,phy,u10,u09,0.10909090909090909
intra,phy,phy,u10,u12,0.34545454545454546
intra,phy,phy,u10,u14,0.14545454545454545
intra,phy,phy,u10,u15,0.01818181818181818
intra,phy,phy,u10,u16,0.10909090909090909
intra,phy,phy,u10,u18,0.07272727272727272
intra,phy,phy,u10,u19,0.05454545454545454
intra,phy,phy,u10,u22,0.10909090909090909
intra,phy,phy,u10,u24,0.07272727272727272
intra,phy,phy,u10,u25,0.4
intra,phy,phy,u10,u27,0.2545454545454545
intra,phy,phy,u10,u30,0.21818181818181817
intra,phy,phy,u10,u32,0.01818181818181818
intra,phy,phy,u10,u33,0.41818181818181815
intra,phy,phy,u10,u43,0.21818181818181817
intra,phy,phy,u10,u46,0.21818181818181817
intra,phy,phy,u10,u47,0.01818181818181818
intra,phy,phy,u10,u49,0.2727272727272727
intra,phy,phy,u10,u54,0.03636363636363636
intra,phy,phy,u10,u57,0.2727272727272727
intra,phy,phy,u10,u59,0.16363636363636364
intra,phy,phy,u12,u04,0.01818181818181818
intra,phy,phy,u12,u05,0.01818181818181818
intra,phy,phy,u12,u09,0.05454545454545454
intra,phy,phy,u12,u10,0.34545454545454546
intra,phy,phy,u12,u16,0.05454545454545454
intra,phy,phy,u12,u18,0.05454545454545454
intra,phy,phy,u12,u19,0.03636363636363636
intra,phy,phy,u12,u22,0.07272727272727272
intra,phy,phy,u12,u25,0.01818181818181818
intra,phy,phy,u12,u30,0.07272727272727272
intra,phy,phy,u12,u43,0.05454545454545454
intra,phy,phy,u12,u46,0.01818181818181818
intra,phy,phy,u12,u49,0.01818181818181818
intra,phy,phy,u12,u54,0.03636363636363636
intra,phy,phy,u12,u59,0.07272727272727272
intra,phy,phy,u14,u01,0.03636363636363636
intra,phy,phy,u14,u02,0.18181818181818182
intra,phy,phy,u14,u04,0.10909090909090909
intra,phy,phy,u14,u05,0.2545454545454545
intra,phy,phy,u14,u07,0.14545454545454545
intra,phy,phy,u14,u08,0.14545454545454545
intra,phy,phy,u14,u09,0.23636363636363636
intra,phy,phy,u14,u10,0.14545454545454545
intra,phy,phy,u14,u15,0.01818181818181818
intra,phy,phy,u14,u16,0.10909090909090909
intra,phy,phy,u14,u18,0.10909090909090909
intra,phy,phy,u14,u19,0.14545454545454545
intra,phy,phy,u14,u22,0.01818181818181818
intra,phy,phy,u14,u24,0.05454545454545454
intra,phy,phy,u14,u25,0.07272727272727272
intra,phy,phy,u14,u27,0.09090909090909091
intra,phy,phy,u14,u30,0.36363636363636365
intra,phy,phy,u14,u32,0.09090909090909091
intra,phy,phy,u14,u33,0.07272727272727272
intra,phy,phy,u14,u46,0.18181818181818182
intra,phy,phy,u14,u49,0.09090909090909091
intra,phy,phy,u14,u54,0.16363636363636364
intra,phy,phy,u14,u57,0.01818181818181818
intra,phy,phy,u14,u59,0.14545454545454545
intra,phy,phy,u15,u01,0.23636363636363636
intra,phy,phy,u15,u02,0.2727272727272727
intra,phy,phy,u15,u04,0.5454545454545454
intra,phy,phy,u15,u05,0.21818181818181817
intra,phy,phy,u15,u07,0.23636363636363636
intra,phy,phy,u15,u08,0.18181818181818182
intra,phy,phy,u15,u09,0.32727272727272727
intra,phy,phy,u15,u10,0.01818181818181818
intra,phy,phy,u15,u14,0.01818181818181818
intra,phy,phy,u15,u16,0.6
intra,phy,phy,u15,u18,0.2
intra,phy,phy,u15,u19,0.09090909090909091
intra,phy,phy,u15,u22,0.4
intra,phy,phy,u15,u24,0.38181818181818183
intra,phy,phy,u15,u25,0.09090909090909091
intra,phy,phy,u15,u27,0.14545454545454545
intra,phy,phy,u15,u30,0.41818181818181815
intra,phy,phy,u15,u32,0.07272727272727272
intra,phy,phy,u15,u33,0.05454545454545454
intra,phy,phy,u15,u43,0.509090909090909
intra,phy,phy,u15,u46,0.34545454545454546
intra,phy,phy,u15,u47,0.01818181818181818
intra,phy,phy,u15,u49,0.43636363636363634
intra,phy,phy,u15,u54,0.2
intra,phy,phy,u15,u57,0.34545454545454546
intra,phy,phy,u15,u59,0.5454545454545454
intra,phy,phy,u16,u01,0.05454545454545454
intra,phy,phy,u16,u02,0.5818181818181818
intra,phy,phy,u16,u04,0.7090909090909091
intra,phy,phy,u16,u05,0.21818181818181817
intra,phy,phy,u16,u07,0.2
intra,phy,phy,u16,u08,0.09090909090909091
intra,phy,phy,u16,u09,0.7636363636363637
intra,phy,phy,u16,u10,0.10909090909090909
intra,phy,phy,u16,u12,0.05454545454545454
intra,phy,phy,u16,u14,0.10909090909090909
intra,phy,phy,u16,u15,0.6
intra,phy,phy,u16,u18,0.16363636363636364
intra,phy,phy,u16,u19,0.16363636363636364
intra,phy,phy,u16,u22,0.23636363636363636
intra,phy,phy,u16,u24,0.2545454545454545
intra,phy,phy,u16,u25,0.10909090909090909
intra,phy,phy,u16,u27,0.09090909090909091
intra,phy,phy,u16,u30,0.5636363636363636
intra,phy,phy,u16,u32,0.21818181818181817
intra,phy,phy,u16,u33,0.09090909090909091
intra,phy,phy,u16,u43,0.3090909090909091
intra,phy,phy,u16,u46,0.12727272727272726
intra,phy,phy,u16,u49,0.18181818181818182
intra,phy,phy,u16,u54,0.18181818181818182
intra,phy,phy,u16,u57,0.7636363636363637
intra,phy,phy,u16,u59,0.4909090909090909
intra,phy,phy,u18,u01,0.14545454545454545
intra,phy,phy,u18,u02,0.2
intra,phy,phy,u18,u04,0.18181818181818182
intra,phy,phy,u18,u05,0.01818181818181818
intra,phy,phy,u18,u07,0.10909090909090909
intra,phy,phy,u18,u08,0.10909090909090909
intra,phy,phy,u18,u09,0.2727272727272727
intra,phy,phy,u18,u10,0.07272727272727272
intra,phy,phy,u18,u12,0.05454545454545454
intra,phy,phy,u18,u14,0.10909090909090909
intra,phy,phy,u18,u15,0.2
intra,phy,phy,u18,u16,0.16363636363636364
intra,phy,phy,u18,u19,0.18181818181818182
intra,phy,phy,u18,u22,0.05454545454545454
intra,phy,phy,u18,u24,0.18181818181818182
intra,phy,phy,u18,u25,0.07272727272727272
intra,phy,phy,u18,u27,0.21818181818181817
intra,phy,phy,u18,u30,0.21818181818181817
intra,phy,phy,u18,u32,0.09090909090909091
intra,phy,phy,u18,u43,0.07272727272727272
intra,phy,phy,u18,u46,0.03636363636363636
intra,phy,phy,u18,u47,0.03636363636363636
intra,phy,phy,u18,u49,0.07272727272727272
intra,phy,phy,u18,u54,0.14545454545454545
intra,phy,phy,u18,u57,0.18181818181818182
intra,phy,phy,u18,u59,0.18181818181818182
intra,phy,phy,u19,u01,0.05454545454545454
intra,phy,phy,u19,u02,0.2727272727272727
intra,phy,phy,u19,u04,0.4727272727272727
intra,phy,phy,u19,u05,0.34545454545454546
intra,phy,phy,u19,u07,0.05454545454545454
intra,phy,phy,u19,u08,0.14545454545454545
intra,phy,phy,u19,u09,0.6
intra,phy,phy,u19,u10,0.05454545454545454
intra,phy,phy,u19,u12,0.03636363636363636
intra,phy,phy,u19,u14,0.14545454545454545
intra,phy,phy,u19,u15,0.09090909090909091
intra,phy,phy,u19,u16,0.16363636363636364
intra,phy,phy,u19,u18,0.18181818181818182
intra,phy,phy,u19,u22,0.01818181818181818
intra,phy,phy,u19,u24,0.10909090909090909
intra,phy,phy,u19,u25,0.10909090909090909
intra,phy,phy,u19,u27,0.2
intra,phy,phy,u19,u30,0.5636363636363636
intra,phy,phy,u19,u32,0.16363636363636364
intra,phy,phy,u19,u33,0.05454545454545454
intra,phy,phy,u19,u46,0.07272727272727272
intra,phy,phy,u19,u49,0.2727272727272727
intra,phy,phy,u19,u54,0.09090909090909091
intra,phy,phy,u19,u57,0.21818181818181817
intra,phy,phy,u19,u59,0.14545454545454545
intra,phy,phy,u20,u02,0.01818181818181818
intra,phy,phy,u22,u01,0.09090909090909091
intra,phy,phy,u22,u02,0.32727272727272727
intra,phy,phy,u22,u04,0.3090909090909091
intra,phy,phy,u22,u05,0.03636363636363636
intra,phy,phy,u22,u07,0.2727272727272727
intra,phy,phy,u22,u08,0.05454545454545454
intra,phy,phy,u22,u09,0.18181818181818182
intra,phy,phy,u22,u10,0.10909090909090909
intra,phy,phy,u22,u12,0.07272727272727272
intra,phy,phy,u22,u14,0.01818181818181818
intra,phy,phy,u22,u15,0.4
intra,phy,phy,u22,u16,0.23636363636363636
intra,phy,phy,u22,u18,0.05454545454545454
intra,phy,phy,u22,u19,0.01818181818181818
intra,phy,phy,u22,u24,0.2727272727272727
intra,phy,phy,u22,u25,0.07272727272727272
intra,phy,phy,u22,u27,0.05454545454545454
intra,phy,phy,u22,u30,0.18181818181818182
intra,phy,phy,u22,u32,0.05454545454545454
intra,phy,phy,u22,u33,0.01818181818181818
intra,phy,phy,u22,u43,0.4
intra,phy,phy,u22,u46,0.18181818181818182
intra,phy,phy,u22,u49,0.2
intra,phy,phy,u22,u54,0.12727272727272726
intra,phy,phy,u22,u57,0.38181818181818183
intra,phy,phy,u22,u59,0.34545454545454546
intra,phy,phy,u24,u01,0.14545454545454545
intra,phy,phy,u24,u02,0.2909090909090909
intra,phy,phy,u24,u04,0.32727272727272727
intra,phy,phy,u24,u05,0.14545454545454545
intra,phy,phy,u24,u07,0.18181818181818182
intra,phy,phy,u24,u08,0.05454545454545454
intra,phy,phy,u24,u09,0.4909090909090909
intra,phy,phy,u24,u10,0.07272727272727272
intra,phy,phy,u24,u14,0.05454545454545454
intra,phy,phy,u24,u15,0.38181818181818183
intra,phy,phy,u24,u16,0.2545454545454545
intra,phy,phy,u24,u18,0.18181818181818182
intra,phy,phy,u24,u19,0.10909090909090909
intra,phy,phy,u24,u22,0.2727272727272727
intra,phy,phy,u24,u25,0.18181818181818182
intra,phy,phy,u24,u27,0.4
intra,phy,phy,u24,u30,0.34545454545454546
intra,phy,phy,u24,u32,0.09090909090909091
intra,phy,phy,u24,u33,0.05454545454545454
intra,phy,phy,u24,u43,0.3090909090909091
intra,phy,phy,u24,u46,0.2
intra,phy,phy,u24,u49,0.01818181818181818
intra,phy,phy,u24,u54,0.16363636363636364
intra,phy,phy,u24,u57,0.2545454545454545
intra,phy,phy,u24,u59,0.21818181818181817
intra,phy,phy,u25,u01,0.3090909090909091
intra,phy,phy,u25,u02,0.09090909090909091
intra,phy,phy,u25,u04,0.2909090909090909
intra,phy,phy,u25,u05,0.10909090909090909
intra,phy,phy,u25,u07,0.3090909090909091
intra,phy,phy,u25,u08,0.07272727272727272
intra,phy,phy,u25,u09,0.2909090909090909
intra,phy,phy,u25,u10,0.4
intra,phy,phy,u25,u12,0.01818181818181818
intra,phy,phy,u25,u14,0.07272727272727272
intra,phy,phy,u25,u15,0.09090909090909091
intra,phy,phy,u25,u16,0.10909090909090909
intra,phy,phy,u25,u18,0.07272727272727272
intra,phy,phy,u25,u19,0.10909090909090909
intra,phy,phy,u25,u22,0.07272727272727272
intra,phy,phy,u25,u24,0.18181818181818182
intra,phy,phy,u25,u27,0.32727272727272727
intra,phy,phy,u25,u30,0.8181818181818182
intra,phy,phy,u25,u33,0.34545454545454546
intra,phy,phy,u25,u43,0.01818181818181818
intra,phy,phy,u25,u46,0.2
intra,phy,phy,u25,u49,0.16363636363636364
intra,phy,phy,u25,u54,0.07272727272727272
intra,phy,phy,u25,u57,0.16363636363636364
intra,phy,phy,u25,u59,0.2545454545454545
intra,phy,phy,u27,u01,0.12727272727272726
intra,phy,phy,u27,u02,0.2727272727272727
intra,phy,phy,u27,u04,0.3090909090909091
intra,phy,phy,u27,u05,0.10909090909090909
intra,phy,phy,u27,u07,0.10909090909090909
intra,phy,phy,u27,u08,0.10909090909090909
intra,phy,phy,u27,u09,0.38181818181818183
intra,phy,phy,u27,u10,0.2545454545454545
intra,phy,phy,u27,u14,0.09090909090909091
intra,phy,phy,u27,u15,0.14545454545454545
intra,phy,phy,u27,u16,0.09090909090909091
intra,phy,phy,u27,u18,0.21818181818181817
intra,phy,phy,u27,u19,0.2
intra,phy,phy,u27,u22,0.05454545454545454
intra,phy,phy,u27,u24,0.4
intra,phy,phy,u27,u25,0.32727272727272727
intra,phy,phy,u27,u30,0.2545454545454545
intra,phy,phy,u27,u32,0.03636363636363636
intra,phy,phy,u27,u33,0.14545454545454545
intra,phy,phy,u27,u43,0.03636363636363636
intra,phy,phy,u27,u46,0.4727272727272727
intra,phy,phy,u27,u47,0.01818181818181818
intra,phy,phy,u27,u49,0.05454545454545454
intra,phy,phy,u27,u54,0.16363636363636364
intra,phy,phy,u27,u57,0.2909090909090909
intra,phy,phy,u27,u59,0.18181818181818182
intra,phy,phy,u30,u01,0.32727272727272727
intra,phy,phy,u30,u02,0.41818181818181815
intra,phy,phy,u30,u04,1.0
intra,phy,phy,u30,u05,0.6363636363636364
intra,phy,phy,u30,u07,0.5454545454545454
intra,phy,phy,u30,u08,0.16363636363636364
intra,phy,phy,u30,u09,0.6363636363636364
intra,phy,phy,u30,u10,0.21818181818181817
intra,phy,phy,u30,u12,0.07272727272727272
intra,phy,phy,u30,u14,0.36363636363636365
intra,phy,phy,u30,u15,0.41818181818181815
intra,phy,phy,u30,u16,0.5636363636363636
intra,phy,phy,u30,u18,0.21818181818181817
intra,phy,phy,u30,u19,0.5636363636363636
intra,phy,phy,u30,u22,0.18181818181818182
intra,phy,phy,u30,u24,0.34545454545454546
intra,phy,phy,u30,u25,0.8181818181818182
intra,phy,phy,u30,u27,0.2545454545454545
intra,phy,phy,u30,u32,0.16363636363636364
intra,phy,phy,u30,u33,0.36363636363636365
intra,phy,phy,u30,u43,0.23636363636363636
intra,phy,phy,u30,u46,0.3090909090909091
intra,phy,phy,u30,u47,0.01818181818181818
intra,phy,phy,u30,u49,0.36363636363636365
intra,phy,phy,u30,u54,0.43636363636363634
intra,phy,phy,u30,u57,0.45454545454545453
intra,phy,phy,u30,u59,0.34545454545454546
intra,phy,phy,u32,u02,0.2545454545454545
intra,phy,phy,u32,u04,0.18181818181818182
intra,phy,phy,u32,u05,0.2545454545454545
intra,phy,phy,u32,u07,0.09090909090909091
intra,phy,phy,u32,u08,0.05454545454545454
intra,phy,phy,u32,u09,0.14545454545454545
intra,phy,phy,u32,u10,0.01818181818181818
intra,phy,phy,u32,u14,0.09090909090909091
intra,phy,phy,u32,u15,0.07272727272727272
intra,phy,phy,u32,u16,0.21818181818181817
intra,phy,phy,u32,u18,0.09090909090909091
intra,phy,phy,u32,u19,0.16363636363636364
intra,phy,phy,u32,u22,0.05454545454545454
intra,phy,phy,u32,u24,0.09090909090909091
intra,phy,phy,u32,u27,0.03636363636363636
intra,phy,phy,u32,u30,0.16363636363636364
intra,phy,phy,u32,u33,0.01818181818181818
intra,phy,phy,u32,u43,0.10909090909090909
intra,phy,phy,u32,u46,0.14545454545454545
intra,phy,phy,u32,u49,0.05454545454545454
intra,phy,phy,u32,u54,0.05454545454545454
intra,phy,phy,u32,u57,0.18181818181818182
intra,phy,phy,u32,u59,0.18181818181818182
intra,phy,phy,u33,u01,0.09090909090909091
intra,phy,phy,u33,u02,0.21818181818181817
intra,phy,phy,u33,u04,0.23636363636363636
intra,phy,phy,u33,u05,0.05454545454545454
intra,phy,phy,u33,u07,0.4
intra,phy,phy,u33,u08,0.09090909090909091
intra,phy,phy,u33,u09,0.05454545454545454
intra,phy,phy,u33,u10,0.41818181818181815
intra,phy,phy,u33,u14,0.07272727272727272
intra,phy,phy,u33,u15,0.05454545454545454
intra,phy,phy,u33,u16,0.09090909090909091
intra,phy,phy,u33,u19,0.05454545454545454
intra,phy,phy,u33,u22,0.01818181818181818
intra,phy,phy,u33,u24,0.05454545454545454
intra,phy,phy,u33,u25,0.34545454545454546
intra,phy,phy,u33,u27,0.14545454545454545
intra,phy,phy,u33,u30,0.36363636363636365
intra,phy,phy,u33,u32,0.01818181818181818
intra,phy,phy,u33,u46,0.21818181818181817
intra,phy,phy,u33,u49,0.21818181818181817
intra,phy,phy,u33,u57,0.14545454545454545
intra,phy,phy,u33,u59,0.05454545454545454
intra,phy,phy,u36,u59,0.01818181818181818
intra,phy,phy,u43,u01,0.10909090909090909
intra,phy,phy,u43,u02,0.2545454545454545
intra,phy,phy,u43,u04,0.21818181818181817
intra,phy,phy,u43,u05,0.09090909090909091
intra,phy,phy,u43,u07,0.21818181818181817
intra,phy,phy,u43,u08,0.01818181818181818
intra,phy,phy,u43,u09,0.32727272727272727
intra,phy,phy,u43,u10,0.21818181818181817
intra,phy,phy,u43,u12,0.05454545454545454
intra,phy,phy,u43,u15,0.509090909090909
intra,phy,phy,u43,u16,0.3090909090909091
intra,phy,phy,u43,u18,0.07272727272727272
intra,phy,phy,u43,u22,0.4
intra,phy,phy,u43,u24,0.3090909090909091
intra,phy,phy,u43,u25,0.01818181818181818
intra,phy,phy,u43,u27,0.03636363636363636
intra,phy,phy,u43,u30,0.23636363636363636
intra,phy,phy,u43,u32,0.10909090909090909
intra,phy,phy,u43,u46,0.18181818181818182
intra,phy,phy,u43,u47,0.01818181818181818
intra,phy,phy,u43,u49,0.2909090909090909
intra,phy,phy,u43,u54,0.10909090909090909
intra,phy,phy,u43,u57,0.3090909090909091
intra,phy,phy,u43,u59,0.509090909090909
intra,phy,phy,u46,u01,0.14545454545454545
intra,phy,phy,u46,u02,0.5272727272727272
intra,phy,phy,u46,u04,0.4909090909090909
intra,phy,phy,u46,u05,0.23636363636363636
intra,phy,phy,u46,u07,0.21818181818181817
intra,phy,phy,u46,u08,0.21818181818181817
intra,phy,phy,u46,u09,0.2545454545454545
intra,phy,phy,u46,u10,0.21818181818181817
intra,phy,phy,u46,u12,0.01818181818181818
intra,phy,phy,u46,u14,0.18181818181818182
intra,phy,phy,u46,u15,0.34545454545454546
intra,phy,phy,u46,u16,0.12727272727272726
intra,phy,phy,u46,u18,0.03636363636363636
intra,phy,phy,u46,u19,0.07272727272727272
intra,phy,phy,u46,u22,0.18181818181818182
intra,phy,phy,u46,u24,0.2
intra,phy,phy,u46,u25,0.2
intra,phy,phy,u46,u27,0.4727272727272727
intra,phy,phy,u46,u30,0.3090909090909091
intra,phy,phy,u46,u32,0.14545454545454545
intra,phy,phy,u46,u33,0.21818181818181817
intra,phy,phy,u46,u43,0.18181818181818182
intra,phy,phy,u46,u49,0.32727272727272727
intra,phy,phy,u46,u54,0.16363636363636364
intra,phy,phy,u46,u57,0.2727272727272727
intra,phy,phy,u46,u59,0.32727272727272727
intra,phy,phy,u47,u04,0.10909090909090909
intra,phy,phy,u47,u09,0.01818181818181818
intra,phy,phy,u47,u10,0.01818181818181818
intra,phy,phy,u47,u15,0.01818181818181818
intra,phy,phy,u47,u18,0.03636363636363636
intra,phy,phy,u47,u27,0.01818181818181818
intra,phy,phy,u47,u30,0.01818181818181818
intra,phy,phy,u47,u43,0.01818181818181818
intra,phy,phy,u47,u59,0.03636363636363636
intra,phy,phy,u49,u01,0.18181818181818182
intra,phy,phy,u49,u02,0.10909090909090909
intra,phy,phy,u49,u04,0.14545454545454545
intra,phy,phy,u49,u05,0.10909090909090909
intra,phy,phy,u49,u07,0.03636363636363636
intra,phy,phy,u49,u08,0.03636363636363636
intra,phy,phy,u49,u09,0.03636363636363636
intra,phy,phy,u49,u10,0.2727272727272727
intra,phy,phy,u49,u12,0.01818181818181818
intra,phy,phy,u49,u14,0.09090909090909091
intra,phy,phy,u49,u15,0.43636363636363634
intra,phy,phy,u49,u16,0.18181818181818182
intra,phy,phy,u49,u18,0.07272727272727272
intra,phy,phy,u49,u19,0.2727272727272727
intra,phy,phy,u49,u22,0.2
intra,phy,phy,u49,u24,0.01818181818181818
intra,phy,phy,u49,u25,0.16363636363636364
intra,phy,phy,u49,u27,0.05454545454545454
intra,phy,phy,u49,u30,0.36363636363636365
intra,phy,phy,u49,u32,0.05454545454545454
intra,phy,phy,u49,u33,0.21818181818181817
intra,phy,phy,u49,u43,0.2909090909090909
intra,phy,phy,u49,u46,0.32727272727272727
intra,phy,phy,u49,u54,0.09090909090909091
intra,phy,phy,u49,u57,0.2
intra,phy,phy,u49,u59,0.45454545454545453
intra,phy,phy,u54,u01,0.14545454545454545
intra,phy,phy,u54,u02,0.2545454545454545
intra,phy,phy,u54,u04,0.23636363636363636
intra,phy,phy,u54,u05,0.23636363636363636
intra,phy,phy,u54,u07,0.14545454545454545
intra,phy,phy,u54,u08,0.2
intra,phy,phy,u54,u09,0.16363636363636364
intra,phy,phy,u54,u10,0.03636363636363636
intra,phy,phy,u54,u12,0.03636363636363636
intra,phy,phy,u54,u14,0.16363636363636364
intra,phy,phy,u54,u15,0.2
intra,phy,phy,u54,u16,0.18181818181818182
intra,phy,phy,u54,u18,0.14545454545454545
intra,phy,phy,u54,u19,0.09090909090909091
intra,phy,phy,u54,u22,0.12727272727272726
intra,phy,phy,u54,u24,0.16363636363636364
intra,phy,phy,u54,u25,0.07272727272727272
intra,phy,phy,u54,u27,0.16363636363636364
intra,phy,phy,u54,u30,0.43636363636363634
intra,phy,phy,u54,u32,0.05454545454545454
intra,phy,phy,u54,u43,0.10909090909090909
intra,phy,phy,u54,u46,0.16363636363636364
intra,phy,phy,u54,u49,0.09090909090909091
intra,phy,phy,u54,u57,0.16363636363636364
intra,phy,phy,u54,u59,0.2
intra,phy,phy,u57,u01,0.12727272727272726
intra,phy,phy,u57,u02,0.8909090909090909
intra,phy,phy,u57,u04,0.6181818181818182
intra,phy,phy,u57,u05,0.2545454545454545
intra,phy,phy,u57,u07,0.6545454545454545
intra,phy,phy,u57,u08,0.05454545454545454
intra,phy,phy,u57,u09,0.6727272727272727
intra,phy,phy,u57,u10,0.2727272727272727
intra,phy,phy,u57,u14,0.01818181818181818
intra,phy,phy,u57,u15,0.34545454545454546
intra,phy,phy,u57,u16,0.7636363636363637
intra,phy,phy,u57,u18,0.18181818181818182
intra,phy,phy,u57,u19,0.21818181818181817
intra,phy,phy,u57,u22,0.38181818181818183
intra,phy,phy,u57,u24,0.2545454545454545
intra,phy,phy,u57,u25,0.16363636363636364
intra,phy,phy,u57,u27,0.2909090909090909
intra,phy,phy,u57,u30,0.45454545454545453
intra,phy,phy,u57,u32,0.18181818181818182
intra,phy,phy,u57,u33,0.14545454545454545
intra,phy,phy,u57,u43,0.3090909090909091
intra,phy,phy,u57,u46,0.2727272727272727
intra,phy,phy,u57,u49,0.2
intra,phy,phy,u57,u54,0.16363636363636364
intra,phy,phy,u57,u59,0.36363636363636365
intra,phy,phy,u59,u01,0.23636363636363636
intra,phy,phy,u59,u02,0.41818181818181815
intra,phy,phy,u59,u04,0.2909090909090909
intra,phy,phy,u59,u05,0.14545454545454545
intra,phy,phy,u59,u07,0.2545454545454545
intra,phy,phy,u59,u08,0.12727272727272726
intra,phy,phy,u59,u09,0.38181818181818183
intra,phy,phy,u59,u10,0.16363636363636364
intra,phy,phy,u59,u12,0.07272727272727272
intra,phy,phy,u59,u14,0.14545454545454545
intra,phy,phy,u59,u15,0.5454545454545454
intra,phy,phy,u59,u16,0.4909090909090909
intra,phy,phy,u59,u18,0.18181818181818182
intra,phy,phy,u59,u19,0.14545454545454545
intra,phy,phy,u59,u22,0.34545454545454546
intra,phy,phy,u59,u24,0.21818181818181817
intra,phy,phy,u59,u25,0.2545454545454545
intra,phy,phy,u59,u27,0.18181818181818182
intra,phy,phy,u59,u30,0.34545454545454546
intra,phy,phy,u59,u32,0.18181818181818182
intra,phy,phy,u59,u33,0.05454545454545454
intra,phy,phy,u59,u36,0.01818181818181818
intra,phy,phy,u59,u43,0.509090909090909
intra,phy,phy,u59,u46,0.32727272727272727
intra,phy,phy,u59,u47,0.03636363636363636
intra,phy,phy,u59,u49,0.45454545454545453
intra,phy,phy,u59,u54,0.2
intra,phy,phy,u59,u57,0.36363636363636365
intra,beh,beh,u00,u02,0.6246360292445883
intra,beh,beh,u00,u04,0.3684124787777643
intra,beh,beh,u00,u08,0.4667513355661857
intra,beh,beh,u00,u12,0.7083444209810587
intra,beh,beh,u00,u13,0.5885453889052281
intra,beh,beh,u00,u24,0.5236346925576335
intra,beh,beh,u00,u30,0.34680221607124134
intra,beh,beh,u00,u50,0.5038436433118265
intra,beh,beh,u00,u51,0.4120237027789877
intra,beh,beh,u00,u59,0.3513630866546309
intra,beh,beh,u01,u04,0.4932126352078966
intra,beh,beh,u01,u05,0.5088488345342194
intra,beh,beh,u01,u09,0.5812691487572731
intra,beh,beh,u01,u15,0.5518386312138294
intra,beh,beh,u01,u16,0.473681920853061
intra,beh,beh,u01,u17,0.48918859609742044
intra,beh,beh,u01,u32,0.5838566035434741
intra,beh,beh,u01,u34,0.5991296350469073
intra,beh,beh,u01,u41,0.5071814492965884
intra,beh,beh,u01,u42,0.47086407282215964
intra,beh,beh,u02,u00,0.6246360292445883
intra,beh,beh,u02,u08,0.22959126332976837
intra,beh,beh,u02,u12,0.6288409005829608
intra,beh,beh,u02,u13,0.38239528526789435
intra,beh,beh,u02,u15,0.1460577343180886
intra,beh,beh,u02,u24,0.30573623625798196
intra,beh,beh,u02,u31,0.19039427978300758
intra,beh,beh,u02,u44,0.14944174719865144
intra,beh,beh,u02,u46,0.29063001111500897
intra,beh,beh,u02,u50,0.2859106787247472
intra,beh,beh,u02,u59,0.24978842070636406
intra,beh,beh,u03,u04,0.6392331960106858
intra,beh,beh,u03,u05,0.6305314498739912
intra,beh,beh,u03,u09,0.5958986776719504
intra,beh,beh,u03,u10,0.696206494744437
intra,beh,beh,u03,u15,0.6952952701944785
intra,beh,beh,u03,u16,0.5591621374007378
intra,beh,beh,u03,u20,0.6622502112241082
intra,beh,beh,u03,u30,0.5542160669288064
intra,beh,beh,u03,u41,0.8067111184223016
intra,beh,beh,u03,u51,0.5945768427758734
intra,beh,beh,u04,u00,0.3684124787777643
intra,beh,beh,u04,u01,0.4932126352078966
intra,beh,beh,u04,u03,0.6392331960106858
intra,beh,beh,u04,u05,0.5819406906699467
intra,beh,beh,u04,u09,0.5763896025515111
intra,beh,beh,u04,u10,0.5320142479596945
intra,beh,beh,u04,u14,0.4969220938749363
intra,beh,beh,u04,u15,0.7409492304457806
intra,beh,beh,u04,u17,0.723769772978706
intra,beh,beh,u04,u30,0.5648944306498058
intra,beh,beh,u04,u32,0.7328180281855816
intra,beh,beh,u04,u34,0.7222946179792116
intra,beh,beh,u04,u41,0.7146872470362738
intra,beh,beh,u05,u01,0.5088488345342194
intra,beh,beh,u05,u03,0.6305314498739912
intra,beh,beh,u05,u04,0.5819406906699467
intra,beh,beh,u05,u09,0.640277019026771
intra,beh,beh,u05,u15,0.6828040993425029
intra,beh,beh,u05,u16,0.5050781605973661
intra,beh,beh,u05,u32,0.6100305620212378
intra,beh,beh,u05,u34,0.685901505260022
intra,beh,beh,u05,u35,0.6390043983181204
intra,beh,beh,u05,u41,0.6469474664042075
intra,beh,beh,u05,u42,0.6720060708802271
intra,beh,beh,u05,u45,0.572263377950415
intra,beh,beh,u05,u51,0.5483890497973218
intra,beh,beh,u07,u09,0.5410020655742838
intra,beh,beh,u07,u14,0.3441832393400291
intra,beh,beh,u07,u15,0.4082832222705715
intra,beh,beh,u07,u16,0.46519698141337706
intra,beh,beh,u07,u17,0.3344760263950691
intra,beh,beh,u07,u20,0.46792506453711785
intra,beh,beh,u07,u32,0.4097780506271539
intra,beh,beh,u07,u34,0.3893268290668221
intra,beh,beh,u07,u41,0.464976317879491
intra,beh,beh,u07,u43,0.41711172325583445
intra,beh,beh,u08,u00,0.4667513355661857
intra,beh,beh,u08,u02,0.22959126332976837
intra,beh,beh,u08,u10,0.26913735605619005
intra,beh,beh,u08,u12,0.6002703915271561
intra,beh,beh,u08,u13,0.37583393920203007
intra,beh,beh,u08,u24,0.5892624714754094
intra,beh,beh,u08,u30,0.13423076499617842
intra,beh,beh,u08,u41,0.2263941918122959
intra,beh,beh,u08,u46,0.2872346467853058
intra,beh,beh,u08,u49,0.293892391544939
intra,beh,beh,u08,u56,0.2052107209011799
intra,beh,beh,u08,u59,0.4070267802487516
intra,beh,beh,u09,u01,0.5812691487572731
intra,beh,beh,u09,u03,0.5958986776719504
intra,beh,beh,u09,u04,0.5763896025515111
intra,beh,beh,u09,u05,0.640277019026771
intra,beh,beh,u09,u07,0.5410020655742838
intra,beh,beh,u09,u15,0.5996438483750177
intra,beh,beh,u09,u16,0.5668752131112627
intra,beh,beh,u09,u32,0.7131511356548095
intra,beh,beh,u09,u34,0.5620314194877768
intra,beh,beh,u09,u41,0.5352862501854881
intra,beh,beh,u09,u42,0.5628224801133417
intra,beh,beh,u09,u43,0.593608539920813
intra,beh,beh,u09,u45,0.5112850465940613
intra,beh,beh,u09,u47,0.5768846590586937
intra,beh,beh,u09,u51,0.5528177661303195
intra,beh,beh,u10,u03,0.696206494744437
intra,beh,beh,u10,u04,0.5320142479596945
intra,beh,beh,u10,u08,0.26913735605619005
intra,beh,beh,u10,u14,0.38149050305099935
intra,beh,beh,u10,u15,0.32845769004469993
intra,beh,beh,u10,u17,0.36194367454657517
intra,beh,beh,u10,u20,0.47229050584632615
intra,beh,beh,u10,u24,0.6402438691961403
intra,beh,beh,u10,u30,0.4732005794796065
intra,beh,beh,u10,u36,0.3630835760644792
intra,beh,beh,u10,u41,0.5752696248101588
intra,beh,beh,u10,u49,0.3336611392263557
intra,beh,beh,u10,u59,0.3152050656329834
intra,beh,beh,u12,u00,0.7083444209810587
intra,beh,beh,u12,u02,0.6288409005829608
intra,beh,beh,u12,u08,0.6002703915271561
intra,beh,beh,u12,u13,0.6113971870124535
intra,beh,beh,u12,u15,0.19915000135206457
intra,beh,beh,u12,u18,0.19061840711552663
intra,beh,beh,u12,u24,0.47778817992035805
intra,beh,beh,u12,u31,0.24239381003062338
intra,beh,beh,u12,u41,0.27290758847101787
intra,beh,beh,u12,u46,0.34560538222965753
intra,beh,beh,u12,u50,0.24691967774970158
intra,beh,beh,u12,u51,0.16933814975017847
intra,beh,beh,u12,u59,0.4049756166955088
intra,beh,beh,u13,u00,0.5885453889052281
intra,beh,beh,u13,u02,0.38239528526789435
intra,beh,beh,u13,u08,0.37583393920203007
intra,beh,beh,u13,u12,0.6113971870124535
intra,beh,beh,u13,u15,0.1258757553239668
intra,beh,beh,u13,u18,0.24720884602496151
intra,beh,beh,u13,u20,0.18524718469541646
intra,beh,beh,u13,u22,0.29426267583110666
intra,beh,beh,u13,u24,0.4524633404535656
intra,beh,beh,u13,u30,0.16585386041701525
intra,beh,beh,u13,u41,0.1623923007852086
intra,beh,beh,u13,u50,0.35839791179091623
intra,beh,beh,u13,u53,0.22898884176229975
intra,beh,beh,u13,u59,0.19551057856520065
intra,beh,beh,u14,u04,0.4969220938749363
intra,beh,beh,u14,u07,0.3441832393400291
intra,beh,beh,u14,u10,0.38149050305099935
intra,beh,beh,u14,u15,0.5423720699375885
intra,beh,beh,u14,u16,0.5387739046955946
intra,beh,beh,u14,u17,0.425880654840229
intra,beh,beh,u14,u20,0.44662188187828755
intra,beh,beh,u14,u30,0.4399804384324624
intra,beh,beh,u14,u32,0.44200873398892965
intra,beh,beh,u14,u34,0.37261262448654725
intra,beh,beh,u14,u41,0.5602031886763219
intra,beh,beh,u14,u45,0.276772063463747
intra,beh,beh,u14,u51,0.3111459417943223
intra,beh,beh,u15,u01,0.5518386312138294
intra,beh,beh,u15,u02,0.1460577343180886
intra,beh,beh,u15,u03,0.6952952701944785
intra,beh,beh,u15,u04,0.7409492304457806
intra,beh,beh,u15,u05,0.6828040993425029
intra,beh,beh,u15,u07,0.4082832222705715
intra,beh,beh,u15,u09,0.5996438483750177
intra,beh,beh,u15,u10,0.32845769004469993
intra,beh,beh,u15,u12,0.19915000135206457
intra,beh,beh,u15,u13,0.1258757553239668
intra,beh,beh,u15,u14,0.5423720699375885
intra,beh,beh,u15,u16,0.573988007552871
intra,beh,beh,u15,u17,0.7466783237605674
intra,beh,beh,u15,u30,0.5474040526248544
intra,beh,beh,u15,u32,0.698237782856224
intra,beh,beh,u15,u34,0.8053246803743692
intra,beh,beh,u15,u35,0.6522118228743139
intra,beh,beh,u15,u41,0.7087005777692477
intra,beh,beh,u15,u42,0.701871677605588
intra,beh,beh,u15,u45,0.6024486220833732
intra,beh,beh,u15,u51,0.5128100514881847
intra,beh,beh,u16,u01,0.473681920853061
intra,beh,beh,u16,u03,0.5591621374007378
intra,beh,beh,u16,u05,0.5050781605973661
intra,beh,beh,u16,u07,0.46519698141337706
intra,beh,beh,u16,u09,0.5668752131112627
intra,beh,beh,u16,u14,0.5387739046955946
intra,beh,beh,u16,u15,0.573988007552871
intra,beh,beh,u16,u17,0.4751239540137869
intra,beh,beh,u16,u20,0.3948744340796345
intra,beh,beh,u16,u30,0.453635137816995
intra,beh,beh,u16,u32,0.5620493254115055
intra,beh,beh,u16,u34,0.5235896901558386
intra,beh,beh,u16,u35,0.5242411618511881
intra,beh,beh,u16,u41,0.6163918757199367
intra,beh,beh,u16,u42,0.5299879269491065
intra,beh,beh,u16,u45,0.46922223549964204
intra,beh,beh,u16,u51,0.5526565963644664
intra,beh,beh,u17,u01,0.48918859609742044
intra,beh,beh,u17,u04,0.723769772978706
intra,beh,beh,u17,u07,0.3344760263950691
intra,beh,beh,u17,u10,0.36194367454657517
intra,beh,beh,u17,u14,0.425880654840229
intra,beh,beh,u17,u15,0.7466783237605674
intra,beh,beh,u17,u16,0.4751239540137869
intra,beh,beh,u17,u25,0.32423002270719686
intra,beh,beh,u17,u30,0.5399267017309045
intra,beh,beh,u17,u32,0.5283230888977498
intra,beh,beh,u17,u34,0.6662850888605675
intra,beh,beh,u17,u35,0.44483938962680714
intra,beh,beh,u17,u41,0.6785862658021965
intra,beh,beh,u17,u42,0.5171885016345761
intra,beh,beh,u17,u45,0.5041719694472667
intra,beh,beh,u17,u47,0.3742918930112009
intra,beh,beh,u17,u51,0.4809249549271192
intra,beh,beh,u18,u12,0.19061840711552663
intra,beh,beh,u18,u13,0.24720884602496151
intra,beh,beh,u18,u19,0.0534780526620381
intra,beh,beh,u18,u20,0.2097442396656694
intra,beh,beh,u18,u22,0.20140726464807554
intra,beh,beh,u18,u24,0.3378086399391327
intra,beh,beh,u18,u30,0.3176044204894825
intra,beh,beh,u18,u32,0.05385959711592357
intra,beh,beh,u18,u41,0.13253553119382652
intra,beh,beh,u18,u44,0.03962440943178395
intra,beh,beh,u18,u53,0.32314169714199614
intra,beh,beh,u18,u59,0.0004776187647754273
intra,beh,beh,u19,u18,0.0534780526620381
intra,beh,beh,u19,u20,0.09221417518071404
intra,beh,beh,u19,u22,0.043524139875009485
intra,beh,beh,u19,u24,0.15438473799582414
intra,beh,beh,u19,u30,0.13965466422074027
intra,beh,beh,u19,u43,0.15807762018770816
intra,beh,beh,u20,u03,0.6622502112241082
intra,beh,beh,u20,u07,0.46792506453711785
intra,beh,beh,u20,u10,0.47229050584632615
intra,beh,beh,u20,u13,0.18524718469541646
intra,beh,beh,u20,u14,0.44662188187828755
intra,beh,beh,u20,u16,0.3948744340796345
intra,beh,beh,u20,u18,0.2097442396656694
intra,beh,beh,u20,u19,0.09221417518071404
intra,beh,beh,u20,u24,0.35842220058600344
intra,beh,beh,u20,u27,0.4509073124640788
intra,beh,beh,u20,u30,0.421479729080444
intra,beh,beh,u20,u32,0.4240614524310889
intra,beh,beh,u20,u34,0.44718602047519207
intra,beh,beh,u20,u41,0.5592637409881832
intra,beh,beh,u20,u42,0.3074152313056474
intra,beh,beh,u20,u50,0.28664073744965957
intra,beh,beh,u20,u51,0.3405820517139314
intra,beh,beh,u20,u53,0.3334531335070375
intra,beh,beh,u22,u13,0.29426267583110666
intra,beh,beh,u22,u18,0.20140726464807554
intra,beh,beh,u22,u19,0.043524139875009485
intra,beh,beh,u22,u24,0.12072866775438694
intra,beh,beh,u22,u30,0.17053099394864285
intra,beh,beh,u22,u32,0.023173270486383513
intra,beh,beh,u22,u34,0.04004019943300993
intra,beh,beh,u22,u41,0.13602438651830132
intra,beh,beh,u22,u53,0.3211652555058383
intra,beh,beh,u23,u25,0.37977218596882745
intra,beh,beh,u23,u34,0.4767353400595391
intra,beh,beh,u23,u35,0.7934174545962722
intra,beh,beh,u23,u39,0.25293346201401684
intra,beh,beh,u23,u41,0.3806314974422582
intra,beh,beh,u23,u42,0.7066004199305044
intra,beh,beh,u23,u45,0.4490390538276435
intra,beh,beh,u23,u50,0.371271179338881
intra,beh,beh,u23,u51,0.5768166974600462
intra,beh,beh,u23,u58,0.4577640783258044
intra,beh,beh,u24,u00,0.5236346925576335
intra,beh,beh,u24,u02,0.30573623625798196
intra,beh,beh,u24,u08,0.5892624714754094
intra,beh,beh,u24,u10,0.6402438691961403
intra,beh,beh,u24,u12,0.47778817992035805
intra,beh,beh,u24,u13,0.4524633404535656
intra,beh,beh,u24,u18,0.3378086399391327
intra,beh,beh,u24,u19,0.15438473799582414
intra,beh,beh,u24,u20,0.35842220058600344
intra,beh,beh,u24,u22,0.12072866775438694
intra,beh,beh,u24,u30,0.21637380637707704
intra,beh,beh,u24,u32,0.202333770936087
intra,beh,beh,u24,u36,0.4061494797123845
intra,beh,beh,u24,u41,0.34617553968522313
intra,beh,beh,u24,u49,0.4122619022694074
intra,beh,beh,u24,u50,0.29736134676294496
intra,beh,beh,u24,u51,0.22875311571426635
intra,beh,beh,u24,u53,0.2567942083426978
intra,beh,beh,u24,u56,0.3558167025993985
intra,beh,beh,u24,u59,0.4581808574043173
intra,beh,beh,u25,u17,0.32423002270719686
intra,beh,beh,u25,u23,0.37977218596882745
intra,beh,beh,u25,u32,0.38796147830597755
intra,beh,beh,u25,u34,0.782758040507127
intra,beh,beh,u25,u35,0.8076545586879055
intra,beh,beh,u25,u39,0.2617139404864592
intra,beh,beh,u25,u42,0.9306765286829854
intra,beh,beh,u25,u45,0.6276503394480697
intra,beh,beh,u25,u47,0.45503449925970246
intra,beh,beh,u25,u50,0.24774845218687325
intra,beh,beh,u25,u51,0.5450703865585581
intra,beh,beh,u25,u58,0.3147129420496872
intra,beh,beh,u27,u20,0.4509073124640788
intra,beh,beh,u27,u32,0.4177575299881834
intra,beh,beh,u27,u34,0.34718668453544493
intra,beh,beh,u27,u35,0.3605287556873494
intra,beh,beh,u27,u41,0.38575215810836155
intra,beh,beh,u27,u42,0.40161395767428515
intra,beh,beh,u27,u43,0.22403609021642065
intra,beh,beh,u27,u45,0.2409051792189951
intra,beh,beh,u27,u47,0.2997740220757831
intra,beh,beh,u27,u51,0.42484633521016285
intra,beh,beh,u27,u58,0.14352302041726572
intra,beh,beh,u30,u00,0.34680221607124134
intra,beh,beh,u30,u03,0.5542160669288064
intra,beh,beh,u30,u04,0.5648944306498058
intra,beh,beh,u30,u08,0.13423076499617842
intra,beh,beh,u30,u10,0.4732005794796065
intra,beh,beh,u30,u13,0.16585386041701525
intra,beh,beh,u30,u14,0.4399804384324624
intra,beh,beh,u30,u15,0.5474040526248544
intra,beh,beh,u30,u16,0.453635137816995
intra,beh,beh,u30,u17,0.5399267017309045
intra,beh,beh,u30,u18,0.3176044204894825
intra,beh,beh,u30,u19,0.13965466422074027
intra,beh,beh,u30,u20,0.421479729080444
intra,beh,beh,u30,u22,0.17053099394864285
intra,beh,beh,u30,u24,0.21637380637707704
intra,beh,beh,u30,u32,0.2972150237085279
intra,beh,beh,u30,u34,0.3576792759148383
intra,beh,beh,u30,u36,0.115268095036832
intra,beh,beh,u30,u41,0.6162004086658457
intra,beh,beh,u30,u44,0.19484315484975379
intra,beh,beh,u30,u45,0.1393351107191849
intra,beh,beh,u30,u51,0.1883252580139212
intra,beh,beh,u30,u53,0.3074042584170927
intra,beh,beh,u30,u56,0.15623792554308896
intra,beh,beh,u30,u59,0.13377594072491178
intra,beh,beh,u31,u02,0.19039427978300758
intra,beh,beh,u31,u12,0.24239381003062338
intra,beh,beh,u31,u46,0.3176889712965295
intra,beh,beh,u31,u59,0.24865353321309497
intra,beh,beh,u32,u01,0.5838566035434741
intra,beh,beh,u32,u04,0.7328180281855816
intra,beh,beh,u32,u05,0.6100305620212378
intra,beh,beh,u32,u07,0.4097780506271539
intra,beh,beh,u32,u09,0.7131511356548095
intra,beh,beh,u32,u14,0.44200873398892965
intra,beh,beh,u32,u15,0.698237782856224
intra,beh,beh,u32,u16,0.5620493254115055
intra,beh,beh,u32,u17,0.5283230888977498
intra,beh,beh,u32,u18,0.05385959711592357
intra,beh,beh,u32,u20,0.4240614524310889
intra,beh,beh,u32,u22,0.023173270486383513
intra,beh,beh,u32,u24,0.202333770936087
intra,beh,beh,u32,u25,0.38796147830597755
intra,beh,beh,u32,u27,0.4177575299881834
intra,beh,beh,u32,u30,0.2972150237085279
intra,beh,beh,u32,u34,0.6990665428915128
intra,beh,beh,u32,u35,0.48257929088068485
intra,beh,beh,u32,u39,0.4004532364015196
intra,beh,beh,u32,u41,0.540080249546295
intra,beh,beh,u32,u42,0.5585355898525242
intra,beh,beh,u32,u43,0.4670481124382632
intra,beh,beh,u32,u44,0.3191956046597569
intra,beh,beh,u32,u45,0.46779817651530264
intra,beh,beh,u32,u47,0.5345745620076235
intra,beh,beh,u32,u51,0.4499490909768716
intra,beh,beh,u34,u01,0.5991296350469073
intra,beh,beh,u34,u04,0.7222946179792116
intra,beh,beh,u34,u05,0.685901505260022
intra,beh,beh,u34,u07,0.3893268290668221
intra,beh,beh,u34,u09,0.5620314194877768
intra,beh,beh,u34,u14,0.37261262448654725
intra,beh,beh,u34,u15,0.8053246803743692
intra,beh,beh,u34,u16,0.5235896901558386
intra,beh,beh,u34,u17,0.6662850888605675
intra,beh,beh,u34,u20,0.44718602047519207
intra,beh,beh,u34,u22,0.04004019943300993
intra,beh,beh,u34,u23,0.4767353400595391
intra,beh,beh,u34,u25,0.782758040507127
intra,beh,beh,u34,u27,0.34718668453544493
intra,beh,beh,u34,u30,0.3576792759148383
intra,beh,beh,u34,u32,0.6990665428915128
intra,beh,beh,u34,u35,0.7468675560027415
intra,beh,beh,u34,u39,0.6403623167285037
intra,beh,beh,u34,u41,0.6024581179796215
intra,beh,beh,u34,u42,0.8305714276315578
intra,beh,beh,u34,u44,0.2929373517031944
intra,beh,beh,u34,u45,0.6053471026656114
intra,beh,beh,u34,u47,0.48223864810247563
intra,beh,beh,u34,u50,0.4631416374367868
intra,beh,beh,u34,u51,0.6134000250776876
intra,beh,beh,u34,u58,0.3565547408503779
intra,beh,beh,u35,u05,0.6390043983181204
intra,beh,beh,u35,u15,0.6522118228743139
intra,beh,beh,u35,u16,0.5242411618511881
intra,beh,beh,u35,u17,0.44483938962680714
intra,beh,beh,u35,u23,0.7934174545962722
intra,beh,beh,u35,u25,0.8076545586879055
intra,beh,beh,u35,u27,0.3605287556873494
intra,beh,beh,u35,u32,0.48257929088068485
intra,beh,beh,u35,u34,0.7468675560027415
intra,beh,beh,u35,u39,0.35732804349173536
intra,beh,beh,u35,u41,0.4815551831665478
intra,beh,beh,u35,u42,1.0
intra,beh,beh,u35,u45,0.7571019805781611
intra,beh,beh,u35,u47,0.3634682341596352
intra,beh,beh,u35,u50,0.3780528074576072
intra,beh,beh,u35,u51,0.7761267676381993
intra,beh,beh,u35,u58,0.683255373704
intra,beh,beh,u36,u10,0.3630835760644792
intra,beh,beh,u36,u24,0.4061494797123845
intra,beh,beh,u36,u30,0.115268095036832
intra,beh,beh,u36,u41,0.19001366427906416
intra,beh,beh,u36,u50,0.08433078438795628
intra,beh,beh,u36,u51,0.15798962784859386
intra,beh,beh,u36,u56,0.048462939030992275
intra,beh,beh,u36,u59,0.13006080927356034
intra,beh,beh,u39,u23,0.25293346201401684
intra,beh,beh,u39,u25,0.2617139404864592
intra,beh,beh,u39,u32,0.4004532364015196
intra,beh,beh,u39,u34,0.6403623167285037
intra,beh,beh,u39,u35,0.35732804349173536
intra,beh,beh,u39,u41,0.225396122201776
intra,beh,beh,u39,u42,0.424500901300275
intra,beh,beh,u39,u45,0.23413504109126962
intra,beh,beh,u39,u50,0.16051123359716035
intra,beh,beh,u39,u51,0.055100030614494915
intra,beh,beh,u41,u01,0.5071814492965884
intra,beh,beh,u41,u03,0.8067111184223016
intra,beh,beh,u41,u04,0.7146872470362738
intra,beh,beh,u41,u05,0.6469474664042075
intra,beh,beh,u41,u07,0.464976317879491
intra,beh,beh,u41,u08,0.2263941918122959
intra,beh,beh,u41,u09,0.5352862501854881
intra,beh,beh,u41,u10,0.5752696248101588
intra,beh,beh,u41,u12,0.27290758847101787
intra,beh,beh,u41,u13,0.1623923007852086
intra,beh,beh,u41,u14,0.5602031886763219
intra,beh,beh,u41,u15,0.7087005777692477
intra,beh,beh,u41,u16,0.6163918757199367
intra,beh,beh,u41,u17,0.6785862658021965
intra,beh,beh,u41,u18,0.13253553119382652
intra,beh,beh,u41,u20,0.5592637409881832
intra,beh,beh,u41,u22,0.13602438651830132
intra,beh,beh,u41,u23,0.3806314974422582
intra,beh,beh,u41,u24,0.34617553968522313
intra,beh,beh,u41,u27,0.38575215810836155
intra,beh,beh,u41,u30,0.6162004086658457
intra,beh,beh,u41,u32,0.540080249546295
intra,beh,beh,u41,u34,0.6024581179796215
intra,beh,beh,u41,u35,0.4815551831665478
intra,beh,beh,u41,u36,0.19001366427906416
intra,beh,beh,u41,u39,0.225396122201776
intra,beh,beh,u41,u42,0.48672086433654094
intra,beh,beh,u41,u43,0.1509409736890534
intra,beh,beh,u41,u44,0.39366362527372223
intra,beh,beh,u41,u45,0.4929144341617032
intra,beh,beh,u41,u47,0.35669461590482154
intra,beh,beh,u41,u50,0.12846945931919151
intra,beh,beh,u41,u51,0.6161972155597888
intra,beh,beh,u41,u53,0.3626174700641289
intra,beh,beh,u41,u58,0.18566374719712658
intra,beh,beh,u41,u59,0.269094570522848
intra,beh,beh,u42,u01,0.47086407282215964
intra,beh,beh,u42,u05,0.6720060708802271
intra,beh,beh,u42,u09,0.5628224801133417
intra,beh,beh,u42,u15,0.701871677605588
intra,beh,beh,u42,u16,0.5299879269491065
intra,beh,beh,u42,u17,0.5171885016345761
intra,beh,beh,u42,u20,0.3074152313056474
intra,beh,beh,u42,u23,0.7066004199305044
intra,beh,beh,u42,u25,0.9306765286829854
intra,beh,beh,u42,u27,0.40161395767428515
intra,beh,beh,u42,u32,0.5585355898525242
intra,beh,beh,u42,u34,0.8305714276315578
intra,beh,beh,u42,u35,1.0
intra,beh,beh,u42,u39,0.424500901300275
intra,beh,beh,u42,u41,0.48672086433654094
intra,beh,beh,u42,u44,0.03726814749103761
intra,beh,beh,u42,u45,0.7711043646307045
intra,beh,beh,u42,u47,0.5006697615956084
intra,beh,beh,u42,u50,0.40238334103335516
intra,beh,beh,u42,u51,0.7517421649113203
intra,beh,beh,u42,u58,0.5661132250537165
intra,beh,beh,u43,u07,0.41711172325583445
intra,beh,beh,u43,u09,0.593608539920813
intra,beh,beh,u43,u19,0.15807762018770816
intra,beh,beh,u43,u27,0.22403609021642065
intra,beh,beh,u43,u32,0.4670481124382632
intra,beh,beh,u43,u41,0.1509409736890534
intra,beh,beh,u43,u47,0.1718735699459685
intra,beh,beh,u43,u50,0.04656719961323674
intra,beh,beh,u43,u51,0.06375645501297446
intra,beh,beh,u43,u53,0.12187516286426565
intra,beh,beh,u44,u02,0.14944174719865144
intra,beh,beh,u44,u18,0.03962440943178395
intra,beh,beh,u44,u30,0.19484315484975379
intra,beh,beh,u44,u32,0.3191956046597569
intra,beh,beh,u44,u34,0.2929373517031944
intra,beh,beh,u44,u41,0.39366362527372223
intra,beh,beh,u44,u42,0.03726814749103761
intra,beh,beh,u44,u53,0.4755034560850047
intra,beh,beh,u45,u05,0.572263377950415
intra,beh,beh,u45,u09,0.5112850465940613
intra,beh,beh,u45,u14,0.276772063463747
intra,beh,beh,u45,u15,0.6024486220833732
intra,beh,beh,u45,u16,0.46922223549964204
intra,beh,beh,u45,u17,0.5041719694472667
intra,beh,beh,u45,u23,0.4490390538276435
intra,beh,beh,u45,u25,0.6276503394480697
intra,beh,beh,u45,u27,0.2409051792189951
intra,beh,beh,u45,u30,0.1393351107191849
intra,beh,beh,u45,u32,0.46779817651530264
intra,beh,beh,u45,u34,0.6053471026656114
intra,beh,beh,u45,u35,0.7571019805781611
intra,beh,beh,u45,u39,0.23413504109126962
intra,beh,beh,u45,u41,0.4929144341617032
intra,beh,beh,u45,u42,0.7711043646307045
intra,beh,beh,u45,u47,0.5154030418456339
intra,beh,beh,u45,u50,0.174110374044135
intra,beh,beh,u45,u51,0.632078908619233
intra,beh,beh,u45,u58,0.3522299420270178
intra,beh,beh,u46,u02,0.29063001111500897
intra,beh,beh,u46,u08,0.2872346467853058
intra,beh,beh,u46,u12,0.34560538222965753
intra,beh,beh,u46,u31,0.3176889712965295
intra,beh,beh,u46,u50,0.03269967148806471
intra,beh,beh,u46,u59,0.18816141459605437
intra,beh,beh,u47,u09,0.5768846590586937
intra,beh,beh,u47,u17,0.3742918930112009
intra,beh,beh,u47,u25,0.45503449925970246
intra,beh,beh,u47,u27,0.2997740220757831
intra,beh,beh,u47,u32,0.5345745620076235
intra,beh,beh,u47,u34,0.48223864810247563
intra,beh,beh,u47,u35,0.3634682341596352
intra,beh,beh,u47,u41,0.35669461590482154
intra,beh,beh,u47,u42,0.5006697615956084
intra,beh,beh,u47,u43,0.1718735699459685
intra,beh,beh,u47,u45,0.5154030418456339
intra,beh,beh,u47,u50,0.13961927853938655
intra,beh,beh,u47,u51,0.5763450166797194
intra,beh,beh,u47,u56,0.09374548662895761
intra,beh,beh,u47,u58,0.09324370087077156
intra,beh,beh,u49,u08,0.293892391544939
intra,beh,beh,u49,u10,0.3336611392263557
intra,beh,beh,u49,u24,0.4122619022694074
intra,beh,beh,u49,u56,0.006282821628730481
intra,beh,beh,u49,u59,0.2444306687748378
intra,beh,beh,u50,u00,0.5038436433118265
intra,beh,beh,u50,u02,0.2859106787247472
intra,beh,beh,u50,u12,0.24691967774970158
intra,beh,beh,u50,u13,0.35839791179091623
intra,beh,beh,u50,u20,0.28664073744965957
intra,beh,beh,u50,u23,0.371271179338881
intra,beh,beh,u50,u24,0.29736134676294496
intra,beh,beh,u50,u25,0.24774845218687325
intra,beh,beh,u50,u34,0.4631416374367868
intra,beh,beh,u50,u35,0.3780528074576072
intra,beh,beh,u50,u36,0.08433078438795628
intra,beh,beh,u50,u39,0.16051123359716035
intra,beh,beh,u50,u41,0.12846945931919151
intra,beh,beh,u50,u42,0.40238334103335516
intra,beh,beh,u50,u43,0.04656719961323674
intra,beh,beh,u50,u45,0.174110374044135
intra,beh,beh,u50,u46,0.03269967148806471
intra,beh,beh,u50,u47,0.13961927853938655
intra,beh,beh,u50,u51,0.6022047414445476
intra,beh,beh,u50,u58,0.5105536130127236
intra,beh,beh,u50,u59,0.17791062430293442
intra,beh,beh,u51,u00,0.4120237027789877
intra,beh,beh,u51,u03,0.5945768427758734
intra,beh,beh,u51,u05,0.5483890497973218
intra,beh,beh,u51,u09,0.5528177661303195
intra,beh,beh,u51,u12,0.16933814975017847
intra,beh,beh,u51,u14,0.3111459417943223
intra,beh,beh,u51,u15,0.5128100514881847
intra,beh,beh,u51,u16,0.5526565963644664
intra,beh,beh,u51,u17,0.4809249549271192
intra,beh,beh,u51,u20,0.3405820517139314
intra,beh,beh,u51,u23,0.5768166974600462
intra,beh,beh,u51,u24,0.22875311571426635
intra,beh,beh,u51,u25,0.5450703865585581
intra,beh,beh,u51,u27,0.42484633521016285
intra,beh,beh,u51,u30,0.1883252580139212
intra,beh,beh,u51,u32,0.4499490909768716
intra,beh,beh,u51,u34,0.6134000250776876
intra,beh,beh,u51,u35,0.7761267676381993
intra,beh,beh,u51,u36,0.15798962784859386
intra,beh,beh,u51,u39,0.055100030614494915
intra,beh,beh,u51,u41,0.6161972155597888
intra,beh,beh,u51,u42,0.7517421649113203
intra,beh,beh,u51,u43,0.06375645501297446
intra,beh,beh,u51,u45,0.632078908619233
intra,beh,beh,u51,u47,0.5763450166797194
intra,beh,beh,u51,u50,0.6022047414445476
intra,beh,beh,u51,u58,0.6707306982471047
intra,beh,beh,u51,u59,0.21673178221416067
intra,beh,beh,u53,u13,0.22898884176229975
intra,beh,beh,u53,u18,0.32314169714199614
intra,beh,beh,u53,u20,0.3334531335070375
intra,beh,beh,u53,u22,0.3211652555058383
intra,beh,beh,u53,u24,0.2567942083426978
intra,beh,beh,u53,u30,0.3074042584170927
intra,beh,beh,u53,u41,0.3626174700641289
intra,beh,beh,u53,u43,0.12187516286426565
intra,beh,beh,u53,u44,0.4755034560850047
intra,beh,beh,u54,u59,0.0011671414721544206
intra,beh,beh,u56,u08,0.2052107209011799
intra,beh,beh,u56,u24,0.3558167025993985
intra,beh,beh,u56,u30,0.15623792554308896
intra,beh,beh,u56,u36,0.048462939030992275
intra,beh,beh,u56,u47,0.09374548662895761
intra,beh,beh,u56,u49,0.006282821628730481
intra,beh,beh,u56,u59,0.039428137296682035
intra,beh,beh,u58,u23,0.4577640783258044
intra,beh,beh,u58,u25,0.3147129420496872
intra,beh,beh,u58,u27,0.14352302041726572
intra,beh,beh,u58,u34,0.3565547408503779
intra,beh,beh,u58,u35,0.683255373704
intra,beh,beh,u58,u41,0.18566374719712658
intra,beh,beh,u58,u42,0.5661132250537165
intra,beh,beh,u58,u45,0.3522299420270178
intra,beh,beh,u58,u47,0.09324370087077156
intra,beh,beh,u58,u50,0.5105536130127236
intra,beh,beh,u58,u51,0.6707306982471047
intra,beh,beh,u59,u00,0.3513630866546309
intra,beh,beh,u59,u02,0.24978842070636406
intra,beh,beh,u59,u08,0.4070267802487516
intra,beh,beh,u59,u10,0.3152050656329834
intra,beh,beh,u59,u12,0.4049756166955088
intra,beh,beh,u59,u13,0.19551057856520065
intra,beh,beh,u59,u18,0.0004776187647754273
intra,beh,beh,u59,u24,0.4581808574043173
intra,beh,beh,u59,u30,0.13377594072491178
intra,beh,beh,u59,u31,0.24865353321309497
intra,beh,beh,u59,u36,0.13006080927356034
intra,beh,beh,u59,u41,0.269094570522848
intra,beh,beh,u59,u46,0.18816141459605437
intra,beh,beh,u59,u49,0.2444306687748378
intra,beh,beh,u59,u50,0.17791062430293442
intra,beh,beh,u59,u51,0.21673178221416067
intra,beh,beh,u59,u54,0.0011671414721544206
intra,beh,beh,u59,u56,0.039428137296682035
intra,edu,edu,u01,u33,1.0
intra,edu,edu,u02,u03,1.0
intra,edu,edu,u02,u04,1.0
intra,edu,edu,u02,u05,1.0
intra,edu,edu,u02,u07,2.0
intra,edu,edu,u02,u08,1.0
intra,edu,edu,u02,u09,1.0
intra,edu,edu,u02,u10,1.0
intra,edu,edu,u02,u12,1.0
intra,edu,edu,u02,u13,1.0
intra,edu,edu,u02,u14,1.0
intra,edu,edu,u02,u15,1.0
intra,edu,edu,u02,u16,1.0
intra,edu,edu,u02,u17,1.0
intra,edu,edu,u02,u18,1.0
intra,edu,edu,u02,u19,1.0
intra,edu,edu,u02,u20,1.0
intra,edu,edu,u02,u22,1.0
intra,edu,edu,u02,u23,1.0
intra,edu,edu,u02,u24,1.0
intra,edu,edu,u02,u25,1.0
intra,edu,edu,u02,u27,1.0
intra,edu,edu,u02,u30,1.0
intra,edu,edu,u02,u31,2.0
intra,edu,edu,u02,u32,1.0
intra,edu,edu,u02,u34,1.0
intra,edu,edu,u02,u35,1.0
intra,edu,edu,u02,u41,1.0
intra,edu,edu,u02,u42,1.0
intra,edu,edu,u02,u43,1.0
intra,edu,edu,u02,u44,1.0
intra,edu,edu,u02,u45,1.0
intra,edu,edu,u02,u46,1.0
intra,edu,edu,u02,u47,1.0
intra,edu,edu,u02,u49,1.0
intra,edu,edu,u02,u50,1.0
intra,edu,edu,u02,u51,1.0
intra,edu,edu,u02,u52,1.0
intra,edu,edu,u02,u53,1.0
intra,edu,edu,u02,u54,1.0
intra,edu,edu,u02,u57,2.0
intra,edu,edu,u02,u58,1.0
intra,edu,edu,u02,u59,1.0
intra,edu,edu,u03,u02,1.0
intra,edu,edu,u03,u04,1.0
intra,edu,edu,u03,u05,1.0
intra,edu,edu,u03,u07,1.0
intra,edu,edu,u03,u08,1.0
intra,edu,edu,u03,u09,1.0
intra,edu,edu,u03,u10,1.0
intra,edu,edu,u03,u12,1.0
intra,edu,edu,u03,u13,1.0
intra,edu,edu,u03,u14,1.0
intra,edu,edu,u03,u15,1.0
intra,edu,edu,u03,u16,1.0
intra,edu,edu,u03,u17,1.0
intra,edu,edu,u03,u18,1.0
intra,edu,edu,u03,u19,1.0
intra,edu,edu,u03,u20,1.0
intra,edu,edu,u03,u22,1.0
intra,edu,edu,u03,u23,1.0
intra,edu,edu,u03,u24,1.0
intra,edu,edu,u03,u25,1.0
intra,edu,edu,u03,u27,1.0
intra,edu,edu,u03,u30,1.0
intra,edu,edu,u03,u31,1.0
intra,edu,edu,u03,u32,1.0
intra,edu,edu,u03,u34,1.0
intra,edu,edu,u03,u35,1.0
intra,edu,edu,u03,u41,1.0
intra,edu,edu,u03,u42,1.0
intra,edu,edu,u03,u43,1.0
intra,edu,edu,u03,u44,1.0
intra,edu,edu,u03,u45,1.0
intra,edu,edu,u03,u46,1.0
intra,edu,edu,u03,u47,1.0
intra,edu,edu,u03,u49,1.0
intra,edu,edu,u03,u50,1.0
intra,edu,edu,u03,u51,1.0
intra,edu,edu,u03,u52,1.0
intra,edu,edu,u03,u53,1.0
intra,edu,edu,u03,u54,1.0
intra,edu,edu,u03,u57,1.0
intra,edu,edu,u03,u58,1.0
intra,edu,edu,u03,u59,1.0
intra,edu,edu,u04,u02,1.0
intra,edu,edu,u04,u03,1.0
intra,edu,edu,u04,u05,1.0
intra,edu,edu,u04,u07,1.0
intra,edu,edu,u04,u08,1.0
intra,edu,edu,u04,u09,1.0
intra,edu,edu,u04,u10,1.0
intra,edu,edu,u04,u12,1.0
intra,edu,edu,u04,u13,1.0
intra,edu,edu,u04,u14,1.0
intra,edu,edu,u04,u15,1.0
intra,edu,edu,u04,u16,1.0
intra,edu,edu,u04,u17,1.0
intra,edu,edu,u04,u18,1.0
intra,edu,edu,u04,u19,1.0
intra,edu,edu,u04,u20,1.0
intra,edu,edu,u04,u22,1.0
intra,edu,edu,u04,u23,1.0
intra,edu,edu,u04,u24,1.0
intra,edu,edu,u04,u25,1.0
intra,edu,edu,u04,u27,1.0
intra,edu,edu,u04,u30,1.0
intra,edu,edu,u04,u31,1.0
intra,edu,edu,u04,u32,1.0
intra,edu,edu,u04,u34,1.0
intra,edu,edu,u04,u35,1.0
intra,edu,edu,u04,u41,1.0
intra,edu,edu,u04,u42,1.0
intra,edu,edu,u04,u43,1.0
intra,edu,edu,u04,u44,1.0
intra,edu,edu,u04,u45,1.0
intra,edu,edu,u04,u46,1.0
intra,edu,edu,u04,u47,1.0
intra,edu,edu,u04,u49,1.0
intra,edu,edu,u04,u50,1.0
intra,edu,edu,u04,u51,1.0
intra,edu,edu,u04,u52,1.0
intra,edu,edu,u04,u53,1.0
intra,edu,edu,u04,u54,1.0
intra,edu,edu,u04,u57,1.0
intra,edu,edu,u04,u58,1.0
intra,edu,edu,u04,u59,1.0
intra,edu,edu,u05,u02,1.0
intra,edu,edu,u05,u03,1.0
intra,edu,edu,u05,u04,1.0
intra,edu,edu,u05,u07,1.0
intra,edu,edu,u05,u08,1.0
intra,edu,edu,u05,u09,1.0
intra,edu,edu,u05,u10,2.0
intra,edu,edu,u05,u12,2.0
intra,edu,edu,u05,u13,1.0
intra,edu,edu,u05,u14,1.0
intra,edu,edu,u05,u15,1.0
intra,edu,edu,u05,u16,1.0
intra,edu,edu,u05,u17,1.0
intra,edu,edu,u05,u18,1.0
intra,edu,edu,u05,u19,2.0
intra,edu,edu,u05,u20,1.0
intra,edu,edu,u05,u22,2.0
intra,edu,edu,u05,u23,1.0
intra,edu,edu,u05,u24,1.0
intra,edu,edu,u05,u25,1.0
intra,edu,edu,u05,u27,1.0
intra,edu,edu,u05,u30,2.0
intra,edu,edu,u05,u31,1.0
intra,edu,edu,u05,u32,1.0
intra,edu,edu,u05,u34,1.0
intra,edu,edu,u05,u35,1.0
intra,edu,edu,u05,u41,2.0
intra,edu,edu,u05,u42,1.0
intra,edu,edu,u05,u43,1.0
intra,edu,edu,u05,u44,1.0
intra,edu,edu,u05,u45,1.0
intra,edu,edu,u05,u46,2.0
intra,edu,edu,u05,u47,1.0
intra,edu,edu,u05,u49,1.0
intra,edu,edu,u05,u50,1.0
intra,edu,edu,u05,u51,1.0
intra,edu,edu,u05,u52,2.0
intra,edu,edu,u05,u53,1.0
intra,edu,edu,u05,u54,1.0
intra,edu,edu,u05,u57,1.0
intra,edu,edu,u05,u58,1.0
intra,edu,edu,u05,u59,1.0
intra,edu,edu,u07,u02,2.0
intra,edu,edu,u07,u03,1.0
intra,edu,edu,u07,u04,1.0
intra,edu,edu,u07,u05,1.0
intra,edu,edu,u07,u08,1.0
intra,edu,edu,u07,u09,1.0
intra,edu,edu,u07,u10,1.0
intra,edu,edu,u07,u12,1.0
intra,edu,edu,u07,u13,1.0
intra,edu,edu,u07,u14,1.0
intra,edu,edu,u07,u15,1.0
intra,edu,edu,u07,u16,1.0
intra,edu,edu,u07,u17,1.0
intra,edu,edu,u07,u18,1.0
intra,edu,edu,u07,u19,1.0
intra,edu,edu,u07,u20,1.0
intra,edu,edu,u07,u22,1.0
intra,edu,edu,u07,u23,1.0
intra,edu,edu,u07,u24,2.0
intra,edu,edu,u07,u25,1.0
intra,edu,edu,u07,u27,1.0
intra,edu,edu,u07,u30,1.0
intra,edu,edu,u07,u31,2.0
intra,edu,edu,u07,u32,1.0
intra,edu,edu,u07,u34,1.0
intra,edu,edu,u07,u35,1.0
intra,edu,edu,u07,u41,1.0
intra,edu,edu,u07,u42,1.0
intra,edu,edu,u07,u43,1.0
intra,edu,edu,u07,u44,2.0
intra,edu,edu,u07,u45,1.0
intra,edu,edu,u07,u46,1.0
intra,edu,edu,u07,u47,2.0
intra,edu,edu,u07,u49,1.0
intra,edu,edu,u07,u50,2.0
intra,edu,edu,u07,u51,1.0
intra,edu,edu,u07,u52,1.0
intra,edu,edu,u07,u53,1.0
intra,edu,edu,u07,u54,1.0
intra,edu,edu,u07,u57,2.0
intra,edu,edu,u07,u58,1.0
intra,edu,edu,u07,u59,1.0
intra,edu,edu,u08,u02,1.0
intra,edu,edu,u08,u03,1.0
intra,edu,edu,u08,u04,1.0
intra,edu,edu,u08,u05,1.0
intra,edu,edu,u08,u07,1.0
intra,edu,edu,u08,u09,1.0
intra,edu,edu,u08,u10,1.0
intra,edu,edu,u08,u12,2.0
intra,edu,edu,u08,u13,1.0
intra,edu,edu,u08,u14,1.0
intra,edu,edu,u08,u15,1.0
intra,edu,edu,u08,u16,1.0
intra,edu,edu,u08,u17,2.0
intra,edu,edu,u08,u18,2.0
intra,edu,edu,u08,u19,1.0
intra,edu,edu,u08,u20,1.0
intra,edu,edu,u08,u22,1.0
intra,edu,edu,u08,u23,1.0
intra,edu,edu,u08,u24,1.0
intra,edu,edu,u08,u25,1.0
intra,edu,edu,u08,u27,1.0
intra,edu,edu,u08,u30,1.0
intra,edu,edu,u08,u31,1.0
intra,edu,edu,u08,u32,1.0
intra,edu,edu,u08,u34,1.0
intra,edu,edu,u08,u35,1.0
intra,edu,edu,u08,u41,1.0
intra,edu,edu,u08,u42,1.0
intra,edu,edu,u08,u43,1.0
intra,edu,edu,u08,u44,1.0
intra,edu,edu,u08,u45,1.0
intra,edu,edu,u08,u46,1.0
intra,edu,edu,u08,u47,1.0
intra,edu,edu,u08,u49,1.0
intra,edu,edu,u08,u50,1.0
intra,edu,edu,u08,u51,1.0
intra,edu,edu,u08,u52,1.0
intra,edu,edu,u08,u53,2.0
intra,edu,edu,u08,u54,1.0
intra,edu,edu,u08,u57,1.0
intra,edu,edu,u08,u58,1.0
intra,edu,edu,u08,u59,1.0
intra,edu,edu,u09,u02,1.0
intra,edu,edu,u09,u03,1.0
intra,edu,edu,u09,u04,1.0
intra,edu,edu,u09,u05,1.0
intra,edu,edu,u09,u07,1.0
intra,edu,edu,u09,u08,1.0
intra,edu,edu,u09,u10,1.0
intra,edu,edu,u09,u12,1.0
intra,edu,edu,u09,u13,1.0
intra,edu,edu,u09,u14,1.0
intra,edu,edu,u09,u15,1.0
intra,edu,edu,u09,u16,1.0
intra,edu,edu,u09,u17,1.0
intra,edu,edu,u09,u18,1.0
intra,edu,edu,u09,u19,1.0
intra,edu,edu,u09,u20,1.0
intra,edu,edu,u09,u22,1.0
intra,edu,edu,u09,u23,1.0
intra,edu,edu,u09,u24,1.0
intra,edu,edu,u09,u25,1.0
intra,edu,edu,u09,u27,1.0
intra,edu,edu,u09,u30,1.0
intra,edu,edu,u09,u31,1.0
intra,edu,edu,u09,u32,1.0
intra,edu,edu,u09,u34,1.0
intra,edu,edu,u09,u35,1.0
intra,edu,edu,u09,u41,1.0
intra,edu,edu,u09,u42,1.0
intra,edu,edu,u09,u43,1.0
intra,edu,edu,u09,u44,1.0
intra,edu,edu,u09,u45,1.0
intra,edu,edu,u09,u46,1.0
intra,edu,edu,u09,u47,1.0
intra,edu,edu,u09,u49,1.0
intra,edu,edu,u09,u50,1.0
intra,edu,edu,u09,u51,1.0
intra,edu,edu,u09,u52,1.0
intra,edu,edu,u09,u53,1.0
intra,edu,edu,u09,u54,1.0
intra,edu,edu,u09,u57,1.0
intra,edu,edu,u09,u58,1.0
intra,edu,edu,u09,u59,1.0
intra,edu,edu,u10,u02,1.0
intra,edu,edu,u10,u03,1.0
intra,edu,edu,u10,u04,1.0
intra,edu,edu,u10,u05,2.0
intra,edu,edu,u10,u07,1.0
intra,edu,edu,u10,u08,1.0
intra,edu,edu,u10,u09,1.0
intra,edu,edu,u10,u12,2.0
intra,edu,edu,u10,u13,1.0
intra,edu,edu,u10,u14,1.0
intra,edu,edu,u10,u15,1.0
intra,edu,edu,u10,u16,1.0
intra,edu,edu,u10,u17,1.0
intra,edu,edu,u10,u18,1.0
intra,edu,edu,u10,u19,2.0
intra,edu,edu,u10,u20,1.0
intra,edu,edu,u10,u22,2.0
intra,edu,edu,u10,u23,1.0
intra,edu,edu,u10,u24,1.0
intra,edu,edu,u10,u25,1.0
intra,edu,edu,u10,u27,1.0
intra,edu,edu,u10,u30,2.0
intra,edu,edu,u10,u31,1.0
intra,edu,edu,u10,u32,1.0
intra,edu,edu,u10,u34,1.0
intra,edu,edu,u10,u35,1.0
intra,edu,edu,u10,u41,2.0
intra,edu,edu,u10,u42,1.0
intra,edu,edu,u10,u43,1.0
intra,edu,edu,u10,u44,1.0
intra,edu,edu,u10,u45,1.0
intra,edu,edu,u10,u46,2.0
intra,edu,edu,u10,u47,1.0
intra,edu,edu,u10,u49,1.0
intra,edu,edu,u10,u50,1.0
intra,edu,edu,u10,u51,1.0
intra,edu,edu,u10,u52,2.0
intra,edu,edu,u10,u53,1.0
intra,edu,edu,u10,u54,1.0
intra,edu,edu,u10,u57,1.0
intra,edu,edu,u10,u58,1.0
intra,edu,edu,u10,u59,1.0
intra,edu,edu,u12,u02,1.0
intra,edu,edu,u12,u03,1.0
intra,edu,edu,u12,u04,1.0
intra,edu,edu,u12,u05,2.0
intra,edu,edu,u12,u07,1.0
intra,edu,edu,u12,u08,2.0
intra,edu,edu,u12,u09,1.0
intra,edu,edu,u12,u10,2.0
intra,edu,edu,u12,u13,1.0
intra,edu,edu,u12,u14,1.0
intra,edu,edu,u12,u15,1.0
intra,edu,edu,u12,u16,1.0
intra,edu,edu,u12,u17,2.0
intra,edu,edu,u12,u18,3.0
intra,edu,edu,u12,u19,2.0
intra,edu,edu,u12,u20,1.0
intra,edu,edu,u12,u22,2.0
intra,edu,edu,u12,u23,1.0
intra,edu,edu,u12,u24,1.0
intra,edu,edu,u12,u25,1.0
intra,edu,edu,u12,u27,1.0
intra,edu,edu,u12,u30,2.0
intra,edu,edu,u12,u31,1.0
intra,edu,edu,u12,u32,1.0
intra,edu,edu,u12,u34,1.0
intra,edu,edu,u12,u35,1.0
intra,edu,edu,u12,u41,2.0
intra,edu,edu,u12,u42,1.0
intra,edu,edu,u12,u43,1.0
intra,edu,edu,u12,u44,1.0
intra,edu,edu,u12,u45,1.0
intra,edu,edu,u12,u46,2.0
intra,edu,edu,u12,u47,1.0
intra,edu,edu,u12,u49,1.0
intra,edu,edu,u12,u50,1.0
intra,edu,edu,u12,u51,1.0
intra,edu,edu,u12,u52,2.0
intra,edu,edu,u12,u53,2.0
intra,edu,edu,u12,u54,1.0
intra,edu,edu,u12,u57,1.0
intra,edu,edu,u12,u58,1.0
intra,edu,edu,u12,u59,1.0
intra,edu,edu,u13,u02,1.0
intra,edu,edu,u13,u03,1.0
intra,edu,edu,u13,u04,1.0
intra,edu,edu,u13,u05,1.0
intra,edu,edu,u13,u07,1.0
intra,edu,edu,u13,u08,1.0
intra,edu,edu,u13,u09,1.0
intra,edu,edu,u13,u10,1.0
intra,edu,edu,u13,u12,1.0
intra,edu,edu,u13,u14,1.0
intra,edu,edu,u13,u15,1.0
intra,edu,edu,u13,u16,1.0
intra,edu,edu,u13,u17,1.0
intra,edu,edu,u13,u18,1.0
intra,edu,edu,u13,u19,1.0
intra,edu,edu,u13,u20,2.0
intra,edu,edu,u13,u22,1.0
intra,edu,edu,u13,u23,2.0
intra,edu,edu,u13,u24,1.0
intra,edu,edu,u13,u25,1.0
intra,edu,edu,u13,u27,1.0
intra,edu,edu,u13,u30,1.0
intra,edu,edu,u13,u31,1.0
intra,edu,edu,u13,u32,1.0
intra,edu,edu,u13,u34,2.0
intra,edu,edu,u13,u35,2.0
intra,edu,edu,u13,u41,1.0
intra,edu,edu,u13,u42,2.0
intra,edu,edu,u13,u43,1.0
intra,edu,edu,u13,u44,1.0
intra,edu,edu,u13,u45,2.0
intra,edu,edu,u13,u46,1.0
intra,edu,edu,u13,u47,1.0
intra,edu,edu,u13,u49,1.0
intra,edu,edu,u13,u50,1.0
intra,edu,edu,u13,u51,2.0
intra,edu,edu,u13,u52,1.0
intra,edu,edu,u13,u53,1.0
intra,edu,edu,u13,u54,1.0
intra,edu,edu,u13,u57,1.0
intra,edu,edu,u13,u58,2.0
intra,edu,edu,u13,u59,1.0
intra,edu,edu,u14,u02,1.0
intra,edu,edu,u14,u03,1.0
intra,edu,edu,u14,u04,1.0
intra,edu,edu,u14,u05,1.0
intra,edu,edu,u14,u07,1.0
intra,edu,edu,u14,u08,1.0
intra,edu,edu,u14,u09,1.0
intra,edu,edu,u14,u10,1.0
intra,edu,edu,u14,u12,1.0
intra,edu,edu,u14,u13,1.0
intra,edu,edu,u14,u15,1.0
intra,edu,edu,u14,u16,2.0
intra,edu,edu,u14,u17,1.0
intra,edu,edu,u14,u18,1.0
intra,edu,edu,u14,u19,1.0
intra,edu,edu,u14,u20,1.0
intra,edu,edu,u14,u22,1.0
intra,edu,edu,u14,u23,1.0
intra,edu,edu,u14,u24,1.0
intra,edu,edu,u14,u25,1.0
intra,edu,edu,u14,u27,1.0
intra,edu,edu,u14,u30,1.0
intra,edu,edu,u14,u31,1.0
intra,edu,edu,u14,u32,1.0
intra,edu,edu,u14,u34,1.0
intra,edu,edu,u14,u35,1.0
intra,edu,edu,u14,u41,1.0
intra,edu,edu,u14,u42,1.0
intra,edu,edu,u14,u43,1.0
intra,edu,edu,u14,u44,1.0
intra,edu,edu,u14,u45,1.0
intra,edu,edu,u14,u46,1.0
intra,edu,edu,u14,u47,1.0
intra,edu,edu,u14,u49,1.0
intra,edu,edu,u14,u50,1.0
intra,edu,edu,u14,u51,1.0
intra,edu,edu,u14,u52,1.0
intra,edu,edu,u14,u53,1.0
intra,edu,edu,u14,u54,1.0
intra,edu,edu,u14,u57,1.0
intra,edu,edu,u14,u58,1.0
intra,edu,edu,u14,u59,1.0
intra,edu,edu,u15,u02,1.0
intra,edu,edu,u15,u03,1.0
intra,edu,edu,u15,u04,1.0
intra,edu,edu,u15,u05,1.0
intra,edu,edu,u15,u07,1.0
intra,edu,edu,u15,u08,1.0
intra,edu,edu,u15,u09,1.0
intra,edu,edu,u15,u10,1.0
intra,edu,edu,u15,u12,1.0
intra,edu,edu,u15,u13,1.0
intra,edu,edu,u15,u14,1.0
intra,edu,edu,u15,u16,1.0
intra,edu,edu,u15,u17,1.0
intra,edu,edu,u15,u18,1.0
intra,edu,edu,u15,u19,1.0
intra,edu,edu,u15,u20,1.0
intra,edu,edu,u15,u22,1.0
intra,edu,edu,u15,u23,1.0
intra,edu,edu,u15,u24,1.0
intra,edu,edu,u15,u25,1.0
intra,edu,edu,u15,u27,1.0
intra,edu,edu,u15,u30,1.0
intra,edu,edu,u15,u31,1.0
intra,edu,edu,u15,u32,1.0
intra,edu,edu,u15,u34,1.0
intra,edu,edu,u15,u35,1.0
intra,edu,edu,u15,u41,1.0
intra,edu,edu,u15,u42,1.0
intra,edu,edu,u15,u43,1.0
intra,edu,edu,u15,u44,1.0
intra,edu,edu,u15,u45,1.0
intra,edu,edu,u15,u46,1.0
intra,edu,edu,u15,u47,1.0
intra,edu,edu,u15,u49,1.0
intra,edu,edu,u15,u50,1.0
intra,edu,edu,u15,u51,1.0
intra,edu,edu,u15,u52,1.0
intra,edu,edu,u15,u53,1.0
intra,edu,edu,u15,u54,1.0
intra,edu,edu,u15,u57,1.0
intra,edu,edu,u15,u58,1.0
intra,edu,edu,u15,u59,1.0
intra,edu,edu,u16,u02,1.0
intra,edu,edu,u16,u03,1.0
intra,edu,edu,u16,u04,1.0
intra,edu,edu,u16,u05,1.0
intra,edu,edu,u16,u07,1.0
intra,edu,edu,u16,u08,1.0
intra,edu,edu,u16,u09,1.0
intra,edu,edu,u16,u10,1.0
intra,edu,edu,u16,u12,1.0
intra,edu,edu,u16,u13,1.0
intra,edu,edu,u16,u14,2.0
intra,edu,edu,u16,u15,1.0
intra,edu,edu,u16,u17,1.0
intra,edu,edu,u16,u18,1.0
intra,edu,edu,u16,u19,1.0
intra,edu,edu,u16,u20,1.0
intra,edu,edu,u16,u22,1.0
intra,edu,edu,u16,u23,1.0
intra,edu,edu,u16,u24,1.0
intra,edu,edu,u16,u25,1.0
intra,edu,edu,u16,u27,1.0
intra,edu,edu,u16,u30,1.0
intra,edu,edu,u16,u31,1.0
intra,edu,edu,u16,u32,1.0
intra,edu,edu,u16,u34,1.0
intra,edu,edu,u16,u35,1.0
intra,edu,edu,u16,u41,1.0
intra,edu,edu,u16,u42,1.0
intra,edu,edu,u16,u43,1.0
intra,edu,edu,u16,u44,1.0
intra,edu,edu,u16,u45,1.0
intra,edu,edu,u16,u46,1.0
intra,edu,edu,u16,u47,1.0
intra,edu,edu,u16,u49,1.0
intra,edu,edu,u16,u50,1.0
intra,edu,edu,u16,u51,1.0
intra,edu,edu,u16,u52,1.0
intra,edu,edu,u16,u53,1.0
intra,edu,edu,u16,u54,1.0
intra,edu,edu,u16,u57,1.0
intra,edu,edu,u16,u58,1.0
intra,edu,edu,u16,u59,1.0
intra,edu,edu,u17,u02,1.0
intra,edu,edu,u17,u03,1.0
intra,edu,edu,u17,u04,1.0
intra,edu,edu,u17,u05,1.0
intra,edu,edu,u17,u07,1.0
intra,edu,edu,u17,u08,2.0
intra,edu,edu,u17,u09,1.0
intra,edu,edu,u17,u10,1.0
intra,edu,edu,u17,u12,2.0
intra,edu,edu,u17,u13,1.0
intra,edu,edu,u17,u14,1.0
intra,edu,edu,u17,u15,1.0
intra,edu,edu,u17,u16,1.0
intra,edu,edu,u17,u18,2.0
intra,edu,edu,u17,u19,1.0
intra,edu,edu,u17,u20,1.0
intra,edu,edu,u17,u22,1.0
intra,edu,edu,u17,u23,1.0
intra,edu,edu,u17,u24,1.0
intra,edu,edu,u17,u25,1.0
intra,edu,edu,u17,u27,1.0
intra,edu,edu,u17,u30,1.0
intra,edu,edu,u17,u31,1.0
intra,edu,edu,u17,u32,1.0
intra,edu,edu,u17,u34,1.0
intra,edu,edu,u17,u35,1.0
intra,edu,edu,u17,u41,1.0
intra,edu,edu,u17,u42,1.0
intra,edu,edu,u17,u43,1.0
intra,edu,edu,u17,u44,1.0
intra,edu,edu,u17,u45,1.0
intra,edu,edu,u17,u46,1.0
intra,edu,edu,u17,u47,1.0
intra,edu,edu,u17,u49,1.0
intra,edu,edu,u17,u50,1.0
intra,edu,edu,u17,u51,1.0
intra,edu,edu,u17,u52,1.0
intra,edu,edu,u17,u53,2.0
intra,edu,edu,u17,u54,1.0
intra,edu,edu,u17,u57,1.0
intra,edu,edu,u17,u58,1.0
intra,edu,edu,u17,u59,1.0
intra,edu,edu,u18,u02,1.0
intra,edu,edu,u18,u03,1.0
intra,edu,edu,u18,u04,1.0
intra,edu,edu,u18,u05,1.0
intra,edu,edu,u18,u07,1.0
intra,edu,edu,u18,u08,2.0
intra,edu,edu,u18,u09,1.0
intra,edu,edu,u18,u10,1.0
intra,edu,edu,u18,u12,3.0
intra,edu,edu,u18,u13,1.0
intra,edu,edu,u18,u14,1.0
intra,edu,edu,u18,u15,1.0
intra,edu,edu,u18,u16,1.0
intra,edu,edu,u18,u17,2.0
intra,edu,edu,u18,u19,1.0
intra,edu,edu,u18,u20,1.0
intra,edu,edu,u18,u22,1.0
intra,edu,edu,u18,u23,1.0
intra,edu,edu,u18,u24,1.0
intra,edu,edu,u18,u25,1.0
intra,edu,edu,u18,u27,1.0
intra,edu,edu,u18,u30,1.0
intra,edu,edu,u18,u31,1.0
intra,edu,edu,u18,u32,1.0
intra,edu,edu,u18,u34,1.0
intra,edu,edu,u18,u35,1.0
intra,edu,edu,u18,u41,1.0
intra,edu,edu,u18,u42,1.0
intra,edu,edu,u18,u43,1.0
intra,edu,edu,u18,u44,1.0
intra,edu,edu,u18,u45,1.0
intra,edu,edu,u18,u46,1.0
intra,edu,edu,u18,u47,1.0
intra,edu,edu,u18,u49,1.0
intra,edu,edu,u18,u50,1.0
intra,edu,edu,u18,u51,1.0
intra,edu,edu,u18,u52,1.0
intra,edu,edu,u18,u53,2.0
intra,edu,edu,u18,u54,1.0
intra,edu,edu,u18,u57,1.0
intra,edu,edu,u18,u58,1.0
intra,edu,edu,u18,u59,1.0
intra,edu,edu,u19,u02,1.0
intra,edu,edu,u19,u03,1.0
intra,edu,edu,u19,u04,1.0
intra,edu,edu,u19,u05,2.0
intra,edu,edu,u19,u07,1.0
intra,edu,edu,u19,u08,1.0
intra,edu,edu,u19,u09,1.0
intra,edu,edu,u19,u10,2.0
intra,edu,edu,u19,u12,2.0
intra,edu,edu,u19,u13,1.0
intra,edu,edu,u19,u14,1.0
intra,edu,edu,u19,u15,1.0
intra,edu,edu,u19,u16,1.0
intra,edu,edu,u19,u17,1.0
intra,edu,edu,u19,u18,1.0
intra,edu,edu,u19,u20,1.0
intra,edu,edu,u19,u22,2.0
intra,edu,edu,u19,u23,1.0
intra,edu,edu,u19,u24,1.0
intra,edu,edu,u19,u25,1.0
intra,edu,edu,u19,u27,1.0
intra,edu,edu,u19,u30,2.0
intra,edu,edu,u19,u31,1.0
intra,edu,edu,u19,u32,1.0
intra,edu,edu,u19,u34,1.0
intra,edu,edu,u19,u35,1.0
intra,edu,edu,u19,u41,2.0
intra,edu,edu,u19,u42,1.0
intra,edu,edu,u19,u43,1.0
intra,edu,edu,u19,u44,1.0
intra,edu,edu,u19,u45,1.0
intra,edu,edu,u19,u46,2.0
intra,edu,edu,u19,u47,1.0
intra,edu,edu,u19,u49,1.0
intra,edu,edu,u19,u50,1.0
intra,edu,edu,u19,u51,1.0
intra,edu,edu,u19,u52,2.0
intra,edu,edu,u19,u53,1.0
intra,edu,edu,u19,u54,1.0
intra,edu,edu,u19,u57,1.0
intra,edu,edu,u19,u58,1.0
intra,edu,edu,u19,u59,1.0
intra,edu,edu,u20,u02,1.0
intra,edu,edu,u20,u03,1.0
intra,edu,edu,u20,u04,1.0
intra,edu,edu,u20,u05,1.0
intra,edu,edu,u20,u07,1.0
intra,edu,edu,u20,u08,1.0
intra,edu,edu,u20,u09,1.0
intra,edu,edu,u20,u10,1.0
intra,edu,edu,u20,u12,1.0
intra,edu,edu,u20,u13,2.0
intra,edu,edu,u20,u14,1.0
intra,edu,edu,u20,u15,1.0
intra,edu,edu,u20,u16,1.0
intra,edu,edu,u20,u17,1.0
intra,edu,edu,u20,u18,1.0
intra,edu,edu,u20,u19,1.0
intra,edu,edu,u20,u22,1.0
intra,edu,edu,u20,u23,2.0
intra,edu,edu,u20,u24,1.0
intra,edu,edu,u20,u25,1.0
intra,edu,edu,u20,u27,1.0
intra,edu,edu,u20,u30,1.0
intra,edu,edu,u20,u31,1.0
intra,edu,edu,u20,u32,1.0
intra,edu,edu,u20,u34,2.0
intra,edu,edu,u20,u35,2.0
intra,edu,edu,u20,u41,1.0
intra,edu,edu,u20,u42,2.0
intra,edu,edu,u20,u43,1.0
intra,edu,edu,u20,u44,1.0
intra,edu,edu,u20,u45,2.0
intra,edu,edu,u20,u46,1.0
intra,edu,edu,u20,u47,1.0
intra,edu,edu,u20,u49,1.0
intra,edu,edu,u20,u50,1.0
intra,edu,edu,u20,u51,2.0
intra,edu,edu,u20,u52,1.0
intra,edu,edu,u20,u53,1.0
intra,edu,edu,u20,u54,1.0
intra,edu,edu,u20,u57,1.0
intra,edu,edu,u20,u58,2.0
intra,edu,edu,u20,u59,1.0
intra,edu,edu,u22,u02,1.0
intra,edu,edu,u22,u03,1.0
intra,edu,edu,u22,u04,1.0
intra,edu,edu,u22,u05,2.0
intra,edu,edu,u22,u07,1.0
intra,edu,edu,u22,u08,1.0
intra,edu,edu,u22,u09,1.0
intra,edu,edu,u22,u10,2.0
intra,edu,edu,u22,u12,2.0
intra,edu,edu,u22,u13,1.0
intra,edu,edu,u22,u14,1.0
intra,edu,edu,u22,u15,1.0
intra,edu,edu,u22,u16,1.0
intra,edu,edu,u22,u17,1.0
intra,edu,edu,u22,u18,1.0
intra,edu,edu,u22,u19,2.0
intra,edu,edu,u22,u20,1.0
intra,edu,edu,u22,u23,1.0
intra,edu,edu,u22,u24,1.0
intra,edu,edu,u22,u25,1.0
intra,edu,edu,u22,u27,1.0
intra,edu,edu,u22,u30,2.0
intra,edu,edu,u22,u31,1.0
intra,edu,edu,u22,u32,1.0
intra,edu,edu,u22,u34,1.0
intra,edu,edu,u22,u35,1.0
intra,edu,edu,u22,u41,2.0
intra,edu,edu,u22,u42,1.0
intra,edu,edu,u22,u43,1.0
intra,edu,edu,u22,u44,1.0
intra,edu,edu,u22,u45,1.0
intra,edu,edu,u22,u46,2.0
intra,edu,edu,u22,u47,1.0
intra,edu,edu,u22,u49,1.0
intra,edu,edu,u22,u50,1.0
intra,edu,edu,u22,u51,1.0
intra,edu,edu,u22,u52,2.0
intra,edu,edu,u22,u53,1.0
intra,edu,edu,u22,u54,1.0
intra,edu,edu,u22,u57,1.0
intra,edu,edu,u22,u58,1.0
intra,edu,edu,u22,u59,1.0
intra,edu,edu,u23,u02,1.0
intra,edu,edu,u23,u03,1.0
intra,edu,edu,u23,u04,1.0
intra,edu,edu,u23,u05,1.0
intra,edu,edu,u23,u07,1.0
intra,edu,edu,u23,u08,1.0
intra,edu,edu,u23,u09,1.0
intra,edu,edu,u23,u10,1.0
intra,edu,edu,u23,u12,1.0
intra,edu,edu,u23,u13,2.0
intra,edu,edu,u23,u14,1.0
intra,edu,edu,u23,u15,1.0
intra,edu,edu,u23,u16,1.0
intra,edu,edu,u23,u17,1.0
intra,edu,edu,u23,u18,1.0
intra,edu,edu,u23,u19,1.0
intra,edu,edu,u23,u20,2.0
intra,edu,edu,u23,u22,1.0
intra,edu,edu,u23,u24,1.0
intra,edu,edu,u23,u25,1.0
intra,edu,edu,u23,u27,1.0
intra,edu,edu,u23,u30,1.0
intra,edu,edu,u23,u31,1.0
intra,edu,edu,u23,u32,1.0
intra,edu,edu,u23,u34,2.0
intra,edu,edu,u23,u35,2.0
intra,edu,edu,u23,u41,1.0
intra,edu,edu,u23,u42,2.0
intra,edu,edu,u23,u43,1.0
intra,edu,edu,u23,u44,1.0
intra,edu,edu,u23,u45,2.0
intra,edu,edu,u23,u46,1.0
intra,edu,edu,u23,u47,1.0
intra,edu,edu,u23,u49,1.0
intra,edu,edu,u23,u50,1.0
intra,edu,edu,u23,u51,2.0
intra,edu,edu,u23,u52,1.0
intra,edu,edu,u23,u53,1.0
intra,edu,edu,u23,u54,1.0
intra,edu,edu,u23,u57,1.0
intra,edu,edu,u23,u58,2.0
intra,edu,edu,u23,u59,1.0
intra,edu,edu,u24,u02,1.0
intra,edu,edu,u24,u03,1.0
intra,edu,edu,u24,u04,1.0
intra,edu,edu,u24,u05,1.0
intra,edu,edu,u24,u07,2.0
intra,edu,edu,u24,u08,1.0
intra,edu,edu,u24,u09,1.0
intra,edu,edu,u24,u10,1.0
intra,edu,edu,u24,u12,1.0
intra,edu,edu,u24,u13,1.0
intra,edu,edu,u24,u14,1.0
intra,edu,edu,u24,u15,1.0
intra,edu,edu,u24,u16,1.0
intra,edu,edu,u24,u17,1.0
intra,edu,edu,u24,u18,1.0
intra,edu,edu,u24,u19,1.0
intra,edu,edu,u24,u20,1.0
intra,edu,edu,u24,u22,1.0
intra,edu,edu,u24,u23,1.0
intra,edu,edu,u24,u25,1.0
intra,edu,edu,u24,u27,1.0
intra,edu,edu,u24,u30,1.0
intra,edu,edu,u24,u31,1.0
intra,edu,edu,u24,u32,1.0
intra,edu,edu,u24,u34,1.0
intra,edu,edu,u24,u35,1.0
intra,edu,edu,u24,u41,1.0
intra,edu,edu,u24,u42,1.0
intra,edu,edu,u24,u43,1.0
intra,edu,edu,u24,u44,2.0
intra,edu,edu,u24,u45,1.0
intra,edu,edu,u24,u46,1.0
intra,edu,edu,u24,u47,2.0
intra,edu,edu,u24,u49,1.0
intra,edu,edu,u24,u50,2.0
intra,edu,edu,u24,u51,1.0
intra,edu,edu,u24,u52,1.0
intra,edu,edu,u24,u53,1.0
intra,edu,edu,u24,u54,1.0
intra,edu,edu,u24,u57,2.0
intra,edu,edu,u24,u58,1.0
intra,edu,edu,u24,u59,1.0
intra,edu,edu,u25,u02,1.0
intra,edu,edu,u25,u03,1.0
intra,edu,edu,u25,u04,1.0
intra,edu,edu,u25,u05,1.0
intra,edu,edu,u25,u07,1.0
intra,edu,edu,u25,u08,1.0
intra,edu,edu,u25,u09,1.0
intra,edu,edu,u25,u10,1.0
intra,edu,edu,u25,u12,1.0
intra,edu,edu,u25,u13,1.0
intra,edu,edu,u25,u14,1.0
intra,edu,edu,u25,u15,1.0
intra,edu,edu,u25,u16,1.0
intra,edu,edu,u25,u17,1.0
intra,edu,edu,u25,u18,1.0
intra,edu,edu,u25,u19,1.0
intra,edu,edu,u25,u20,1.0
intra,edu,edu,u25,u22,1.0
intra,edu,edu,u25,u23,1.0
intra,edu,edu,u25,u24,1.0
intra,edu,edu,u25,u27,1.0
intra,edu,edu,u25,u30,1.0
intra,edu,edu,u25,u31,1.0
intra,edu,edu,u25,u32,1.0
intra,edu,edu,u25,u34,1.0
intra,edu,edu,u25,u35,1.0
intra,edu,edu,u25,u41,1.0
intra,edu,edu,u25,u42,1.0
intra,edu,edu,u25,u43,1.0
intra,edu,edu,u25,u44,1.0
intra,edu,edu,u25,u45,1.0
intra,edu,edu,u25,u46,1.0
intra,edu,edu,u25,u47,1.0
intra,edu,edu,u25,u49,1.0
intra,edu,edu,u25,u50,1.0
intra,edu,edu,u25,u51,1.0
intra,edu,edu,u25,u52,1.0
intra,edu,edu,u25,u53,1.0
intra,edu,edu,u25,u54,1.0
intra,edu,edu,u25,u57,1.0
intra,edu,edu,u25,u58,1.0
intra,edu,edu,u25,u59,1.0
intra,edu,edu,u27,u02,1.0
intra,edu,edu,u27,u03,1.0
intra,edu,edu,u27,u04,1.0
intra,edu,edu,u27,u05,1.0
intra,edu,edu,u27,u07,1.0
intra,edu,edu,u27,u08,1.0
intra,edu,edu,u27,u09,1.0
intra,edu,edu,u27,u10,1.0
intra,edu,edu,u27,u12,1.0
intra,edu,edu,u27,u13,1.0
intra,edu,edu,u27,u14,1.0
intra,edu,edu,u27,u15,1.0
intra,edu,edu,u27,u16,1.0
intra,edu,edu,u27,u17,1.0
intra,edu,edu,u27,u18,1.0
intra,edu,edu,u27,u19,1.0
intra,edu,edu,u27,u20,1.0
intra,edu,edu,u27,u22,1.0
intra,edu,edu,u27,u23,1.0
intra,edu,edu,u27,u24,1.0
intra,edu,edu,u27,u25,1.0
intra,edu,edu,u27,u30,1.0
intra,edu,edu,u27,u31,1.0
intra,edu,edu,u27,u32,1.0
intra,edu,edu,u27,u34,1.0
intra,edu,edu,u27,u35,1.0
intra,edu,edu,u27,u41,1.0
intra,edu,edu,u27,u42,1.0
intra,edu,edu,u27,u43,1.0
intra,edu,edu,u27,u44,1.0
intra,edu,edu,u27,u45,1.0
intra,edu,edu,u27,u46,1.0
intra,edu,edu,u27,u47,1.0
intra,edu,edu,u27,u49,1.0
intra,edu,edu,u27,u50,1.0
intra,edu,edu,u27,u51,1.0
intra,edu,edu,u27,u52,1.0
intra,edu,edu,u27,u53,1.0
intra,edu,edu,u27,u54,1.0
intra,edu,edu,u27,u57,1.0
intra,edu,edu,u27,u58,1.0
intra,edu,edu,u27,u59,1.0
intra,edu,edu,u30,u02,1.0
intra,edu,edu,u30,u03,1.0
intra,edu,edu,u30,u04,1.0
intra,edu,edu,u30,u05,2.0
intra,edu,edu,u30,u07,1.0
intra,edu,edu,u30,u08,1.0
intra,edu,edu,u30,u09,1.0
intra,edu,edu,u30,u10,2.0
intra,edu,edu,u30,u12,2.0
intra,edu,edu,u30,u13,1.0
intra,edu,edu,u30,u14,1.0
intra,edu,edu,u30,u15,1.0
intra,edu,edu,u30,u16,1.0
intra,edu,edu,u30,u17,1.0
intra,edu,edu,u30,u18,1.0
intra,edu,edu,u30,u19,2.0
intra,edu,edu,u30,u20,1.0
intra,edu,edu,u30,u22,2.0
intra,edu,edu,u30,u23,1.0
intra,edu,edu,u30,u24,1.0
intra,edu,edu,u30,u25,1.0
intra,edu,edu,u30,u27,1.0
intra,edu,edu,u30,u31,2.0
intra,edu,edu,u30,u32,1.0
intra,edu,edu,u30,u34,1.0
intra,edu,edu,u30,u35,1.0
intra,edu,edu,u30,u41,2.0
intra,edu,edu,u30,u42,1.0
intra,edu,edu,u30,u43,1.0
intra,edu,edu,u30,u44,1.0
intra,edu,edu,u30,u45,1.0
intra,edu,edu,u30,u46,2.0
intra,edu,edu,u30,u47,1.0
intra,edu,edu,u30,u49,1.0
intra,edu,edu,u30,u50,1.0
intra,edu,edu,u30,u51,1.0
intra,edu,edu,u30,u52,2.0
intra,edu,edu,u30,u53,1.0
intra,edu,edu,u30,u54,1.0
intra,edu,edu,u30,u57,1.0
intra,edu,edu,u30,u58,1.0
intra,edu,edu,u30,u59,1.0
intra,edu,edu,u31,u02,2.0
intra,edu,edu,u31,u03,1.0
intra,edu,edu,u31,u04,1.0
intra,edu,edu,u31,u05,1.0
intra,edu,edu,u31,u07,2.0
intra,edu,edu,u31,u08,1.0
intra,edu,edu,u31,u09,1.0
intra,edu,edu,u31,u10,1.0
intra,edu,edu,u31,u12,1.0
intra,edu,edu,u31,u13,1.0
intra,edu,edu,u31,u14,1.0
intra,edu,edu,u31,u15,1.0
intra,edu,edu,u31,u16,1.0
intra,edu,edu,u31,u17,1.0
intra,edu,edu,u31,u18,1.0
intra,edu,edu,u31,u19,1.0
intra,edu,edu,u31,u20,1.0
intra,edu,edu,u31,u22,1.0
intra,edu,edu,u31,u23,1.0
intra,edu,edu,u31,u24,1.0
intra,edu,edu,u31,u25,1.0
intra,edu,edu,u31,u27,1.0
intra,edu,edu,u31,u30,2.0
intra,edu,edu,u31,u32,1.0
intra,edu,edu,u31,u34,1.0
intra,edu,edu,u31,u35,1.0
intra,edu,edu,u31,u41,1.0
intra,edu,edu,u31,u42,1.0
intra,edu,edu,u31,u43,1.0
intra,edu,edu,u31,u44,1.0
intra,edu,edu,u31,u45,1.0
intra,edu,edu,u31,u46,1.0
intra,edu,edu,u31,u47,1.0
intra,edu,edu,u31,u49,1.0
intra,edu,edu,u31,u50,1.0
intra,edu,edu,u31,u51,1.0
intra,edu,edu,u31,u52,1.0
intra,edu,edu,u31,u53,1.0
intra,edu,edu,u31,u54,1.0
intra,edu,edu,u31,u57,1.0
intra,edu,edu,u31,u58,1.0
intra,edu,edu,u31,u59,1.0
intra,edu,edu,u32,u02,1.0
intra,edu,edu,u32,u03,1.0
intra,edu,edu,u32,u04,1.0
intra,edu,edu,u32,u05,1.0
intra,edu,edu,u32,u07,1.0
intra,edu,edu,u32,u08,1.0
intra,edu,edu,u32,u09,1.0
intra,edu,edu,u32,u10,1.0
intra,edu,edu,u32,u12,1.0
intra,edu,edu,u32,u13,1.0
intra,edu,edu,u32,u14,1.0
intra,edu,edu,u32,u15,1.0
intra,edu,edu,u32,u16,1.0
intra,edu,edu,u32,u17,1.0
intra,edu,edu,u32,u18,1.0
intra,edu,edu,u32,u19,1.0
intra,edu,edu,u32,u20,1.0
intra,edu,edu,u32,u22,1.0
intra,edu,edu,u32,u23,1.0
intra,edu,edu,u32,u24,1.0
intra,edu,edu,u32,u25,1.0
intra,edu,edu,u32,u27,1.0
intra,edu,edu,u32,u30,1.0
intra,edu,edu,u32,u31,1.0
intra,edu,edu,u32,u34,1.0
intra,edu,edu,u32,u35,1.0
intra,edu,edu,u32,u41,1.0
intra,edu,edu,u32,u42,1.0
intra,edu,edu,u32,u43,1.0
intra,edu,edu,u32,u44,1.0
intra,edu,edu,u32,u45,1.0
intra,edu,edu,u32,u46,1.0
intra,edu,edu,u32,u47,1.0
intra,edu,edu,u32,u49,1.0
intra,edu,edu,u32,u50,1.0
intra,edu,edu,u32,u51,1.0
intra,edu,edu,u32,u52,1.0
intra,edu,edu,u32,u53,1.0
intra,edu,edu,u32,u54,2.0
intra,edu,edu,u32,u57,1.0
intra,edu,edu,u32,u58,1.0
intra,edu,edu,u32,u59,1.0
intra,edu,edu,u33,u01,1.0
intra,edu,edu,u33,u54,1.0
intra,edu,edu,u34,u02,1.0
intra,edu,edu,u34,u03,1.0
intra,edu,edu,u34,u04,1.0
intra,edu,edu,u34,u05,1.0
intra,edu,edu,u34,u07,1.0
intra,edu,edu,u34,u08,1.0
intra,edu,edu,u34,u09,1.0
intra,edu,edu,u34,u10,1.0
intra,edu,edu,u34,u12,1.0
intra,edu,edu,u34,u13,2.0
intra,edu,edu,u34,u14,1.0
intra,edu,edu,u34,u15,1.0
intra,edu,edu,u34,u16,1.0
intra,edu,edu,u34,u17,1.0
intra,edu,edu,u34,u18,1.0
intra,edu,edu,u34,u19,1.0
intra,edu,edu,u34,u20,2.0
intra,edu,edu,u34,u22,1.0
intra,edu,edu,u34,u23,2.0
intra,edu,edu,u34,u24,1.0
intra,edu,edu,u34,u25,1.0
intra,edu,edu,u34,u27,1.0
intra,edu,edu,u34,u30,1.0
intra,edu,edu,u34,u31,1.0
intra,edu,edu,u34,u32,1.0
intra,edu,edu,u34,u35,2.0
intra,edu,edu,u34,u41,1.0
intra,edu,edu,u34,u42,2.0
intra,edu,edu,u34,u43,1.0
intra,edu,edu,u34,u44,1.0
intra,edu,edu,u34,u45,2.0
intra,edu,edu,u34,u46,1.0
intra,edu,edu,u34,u47,1.0
intra,edu,edu,u34,u49,1.0
intra,edu,edu,u34,u50,1.0
intra,edu,edu,u34,u51,2.0
intra,edu,edu,u34,u52,1.0
intra,edu,edu,u34,u53,1.0
intra,edu,edu,u34,u54,1.0
intra,edu,edu,u34,u57,1.0
intra,edu,edu,u34,u58,2.0
intra,edu,edu,u34,u59,1.0
intra,edu,edu,u35,u02,1.0
intra,edu,edu,u35,u03,1.0
intra,edu,edu,u35,u04,1.0
intra,edu,edu,u35,u05,1.0
intra,edu,edu,u35,u07,1.0
intra,edu,edu,u35,u08,1.0
intra,edu,edu,u35,u09,1.0
intra,edu,edu,u35,u10,1.0
intra,edu,edu,u35,u12,1.0
intra,edu,edu,u35,u13,2.0
intra,edu,edu,u35,u14,1.0
intra,edu,edu,u35,u15,1.0
intra,edu,edu,u35,u16,1.0
intra,edu,edu,u35,u17,1.0
intra,edu,edu,u35,u18,1.0
intra,edu,edu,u35,u19,1.0
intra,edu,edu,u35,u20,2.0
intra,edu,edu,u35,u22,1.0
intra,edu,edu,u35,u23,2.0
intra,edu,edu,u35,u24,1.0
intra,edu,edu,u35,u25,1.0
intra,edu,edu,u35,u27,1.0
intra,edu,edu,u35,u30,1.0
intra,edu,edu,u35,u31,1.0
intra,edu,edu,u35,u32,1.0
intra,edu,edu,u35,u34,2.0
intra,edu,edu,u35,u41,1.0
intra,edu,edu,u35,u42,2.0
intra,edu,edu,u35,u43,1.0
intra,edu,edu,u35,u44,1.0
intra,edu,edu,u35,u45,2.0
intra,edu,edu,u35,u46,1.0
intra,edu,edu,u35,u47,1.0
intra,edu,edu,u35,u49,1.0
intra,edu,edu,u35,u50,1.0
intra,edu,edu,u35,u51,2.0
intra,edu,edu,u35,u52,1.0
intra,edu,edu,u35,u53,1.0
intra,edu,edu,u35,u54,1.0
intra,edu,edu,u35,u57,1.0
intra,edu,edu,u35,u58,2.0
intra,edu,edu,u35,u59,1.0
intra,edu,edu,u41,u02,1.0
intra,edu,edu,u41,u03,1.0
intra,edu,edu,u41,u04,1.0
intra,edu,edu,u41,u05,2.0
intra,edu,edu,u41,u07,1.0
intra,edu,edu,u41,u08,1.0
intra,edu,edu,u41,u09,1.0
intra,edu,edu,u41,u10,2.0
intra,edu,edu,u41,u12,2.0
intra,edu,edu,u41,u13,1.0
intra,edu,edu,u41,u14,1.0
intra,edu,edu,u41,u15,1.0
intra,edu,edu,u41,u16,1.0
intra,edu,edu,u41,u17,1.0
intra,edu,edu,u41,u18,1.0
intra,edu,edu,u41,u19,2.0
intra,edu,edu,u41,u20,1.0
intra,edu,edu,u41,u22,2.0
intra,edu,edu,u41,u23,1.0
intra,edu,edu,u41,u24,1.0
intra,edu,edu,u41,u25,1.0
intra,edu,edu,u41,u27,1.0
intra,edu,edu,u41,u30,2.0
intra,edu,edu,u41,u31,1.0
intra,edu,edu,u41,u32,1.0
intra,edu,edu,u41,u34,1.0
intra,edu,edu,u41,u35,1.0
intra,edu,edu,u41,u42,1.0
intra,edu,edu,u41,u43,1.0
intra,edu,edu,u41,u44,1.0
intra,edu,edu,u41,u45,1.0
intra,edu,edu,u41,u46,2.0
intra,edu,edu,u41,u47,1.0
intra,edu,edu,u41,u49,1.0
intra,edu,edu,u41,u50,1.0
intra,edu,edu,u41,u51,1.0
intra,edu,edu,u41,u52,2.0
intra,edu,edu,u41,u53,1.0
intra,edu,edu,u41,u54,1.0
intra,edu,edu,u41,u57,1.0
intra,edu,edu,u41,u58,1.0
intra,edu,edu,u41,u59,1.0
intra,edu,edu,u42,u02,1.0
intra,edu,edu,u42,u03,1.0
intra,edu,edu,u42,u04,1.0
intra,edu,edu,u42,u05,1.0
intra,edu,edu,u42,u07,1.0
intra,edu,edu,u42,u08,1.0
intra,edu,edu,u42,u09,1.0
intra,edu,edu,u42,u10,1.0
intra,edu,edu,u42,u12,1.0
intra,edu,edu,u42,u13,2.0
intra,edu,edu,u42,u14,1.0
intra,edu,edu,u42,u15,1.0
intra,edu,edu,u42,u16,1.0
intra,edu,edu,u42,u17,1.0
intra,edu,edu,u42,u18,1.0
intra,edu,edu,u42,u19,1.0
intra,edu,edu,u42,u20,2.0
intra,edu,edu,u42,u22,1.0
intra,edu,edu,u42,u23,2.0
intra,edu,edu,u42,u24,1.0
intra,edu,edu,u42,u25,1.0
intra,edu,edu,u42,u27,1.0
intra,edu,edu,u42,u30,1.0
intra,edu,edu,u42,u31,1.0
intra,edu,edu,u42,u32,1.0
intra,edu,edu,u42,u34,2.0
intra,edu,edu,u42,u35,2.0
intra,edu,edu,u42,u41,1.0
intra,edu,edu,u42,u43,1.0
intra,edu,edu,u42,u44,1.0
intra,edu,edu,u42,u45,2.0
intra,edu,edu,u42,u46,1.0
intra,edu,edu,u42,u47,1.0
intra,edu,edu,u42,u49,1.0
intra,edu,edu,u42,u50,1.0
intra,edu,edu,u42,u51,2.0
intra,edu,edu,u42,u52,1.0
intra,edu,edu,u42,u53,1.0
intra,edu,edu,u42,u54,1.0
intra,edu,edu,u42,u57,1.0
intra,edu,edu,u42,u58,2.0
intra,edu,edu,u42,u59,1.0
intra,edu,edu,u43,u02,1.0
intra,edu,edu,u43,u03,1.0
intra,edu,edu,u43,u04,1.0
intra,edu,edu,u43,u05,1.0
intra,edu,edu,u43,u07,1.0
intra,edu,edu,u43,u08,1.0
intra,edu,edu,u43,u09,1.0
intra,edu,edu,u43,u10,1.0
intra,edu,edu,u43,u12,1.0
intra,edu,edu,u43,u13,1.0
intra,edu,edu,u43,u14,1.0
intra,edu,edu,u43,u15,1.0
intra,edu,edu,u43,u16,1.0
intra,edu,edu,u43,u17,1.0
intra,edu,edu,u43,u18,1.0
intra,edu,edu,u43,u19,1.0
intra,edu,edu,u43,u20,1.0
intra,edu,edu,u43,u22,1.0
intra,edu,edu,u43,u23,1.0
intra,edu,edu,u43,u24,1.0
intra,edu,edu,u43,u25,1.0
intra,edu,edu,u43,u27,1.0
intra,edu,edu,u43,u30,1.0
intra,edu,edu,u43,u31,1.0
intra,edu,edu,u43,u32,1.0
intra,edu,edu,u43,u34,1.0
intra,edu,edu,u43,u35,1.0
intra,edu,edu,u43,u41,1.0
intra,edu,edu,u43,u42,1.0
intra,edu,edu,u43,u44,1.0
intra,edu,edu,u43,u45,1.0
intra,edu,edu,u43,u46,1.0
intra,edu,edu,u43,u47,1.0
intra,edu,edu,u43,u49,1.0
intra,edu,edu,u43,u50,1.0
intra,edu,edu,u43,u51,1.0
intra,edu,edu,u43,u52,1.0
intra,edu,edu,u43,u53,1.0
intra,edu,edu,u43,u54,1.0
intra,edu,edu,u43,u57,1.0
intra,edu,edu,u43,u58,1.0
intra,edu,edu,u43,u59,1.0
intra,edu,edu,u44,u02,1.0
intra,edu,edu,u44,u03,1.0
intra,edu,edu,u44,u04,1.0
intra,edu,edu,u44,u05,1.0
intra,edu,edu,u44,u07,2.0
intra,edu,edu,u44,u08,1.0
intra,edu,edu,u44,u09,1.0
intra,edu,edu,u44,u10,1.0
intra,edu,edu,u44,u12,1.0
intra,edu,edu,u44,u13,1.0
intra,edu,edu,u44,u14,1.0
intra,edu,edu,u44,u15,1.0
intra,edu,edu,u44,u16,1.0
intra,edu,edu,u44,u17,1.0
intra,edu,edu,u44,u18,1.0
intra,edu,edu,u44,u19,1.0
intra,edu,edu,u44,u20,1.0
intra,edu,edu,u44,u22,1.0
intra,edu,edu,u44,u23,1.0
intra,edu,edu,u44,u24,2.0
intra,edu,edu,u44,u25,1.0
intra,edu,edu,u44,u27,1.0
intra,edu,edu,u44,u30,1.0
intra,edu,edu,u44,u31,1.0
intra,edu,edu,u44,u32,1.0
intra,edu,edu,u44,u34,1.0
intra,edu,edu,u44,u35,1.0
intra,edu,edu,u44,u41,1.0
intra,edu,edu,u44,u42,1.0
intra,edu,edu,u44,u43,1.0
intra,edu,edu,u44,u45,1.0
intra,edu,edu,u44,u46,1.0
intra,edu,edu,u44,u47,2.0
intra,edu,edu,u44,u49,1.0
intra,edu,edu,u44,u50,2.0
intra,edu,edu,u44,u51,1.0
intra,edu,edu,u44,u52,1.0
intra,edu,edu,u44,u53,1.0
intra,edu,edu,u44,u54,1.0
intra,edu,edu,u44,u57,2.0
intra,edu,edu,u44,u58,1.0
intra,edu,edu,u44,u59,1.0
intra,edu,edu,u45,u02,1.0
intra,edu,edu,u45,u03,1.0
intra,edu,edu,u45,u04,1.0
intra,edu,edu,u45,u05,1.0
intra,edu,edu,u45,u07,1.0
intra,edu,edu,u45,u08,1.0
intra,edu,edu,u45,u09,1.0
intra,edu,edu,u45,u10,1.0
intra,edu,edu,u45,u12,1.0
intra,edu,edu,u45,u13,2.0
intra,edu,edu,u45,u14,1.0
intra,edu,edu,u45,u15,1.0
intra,edu,edu,u45,u16,1.0
intra,edu,edu,u45,u17,1.0
intra,edu,edu,u45,u18,1.0
intra,edu,edu,u45,u19,1.0
intra,edu,edu,u45,u20,2.0
intra,edu,edu,u45,u22,1.0
intra,edu,edu,u45,u23,2.0
intra,edu,edu,u45,u24,1.0
intra,edu,edu,u45,u25,1.0
intra,edu,edu,u45,u27,1.0
intra,edu,edu,u45,u30,1.0
intra,edu,edu,u45,u31,1.0
intra,edu,edu,u45,u32,1.0
intra,edu,edu,u45,u34,2.0
intra,edu,edu,u45,u35,2.0
intra,edu,edu,u45,u41,1.0
intra,edu,edu,u45,u42,2.0
intra,edu,edu,u45,u43,1.0
intra,edu,edu,u45,u44,1.0
intra,edu,edu,u45,u46,1.0
intra,edu,edu,u45,u47,1.0
intra,edu,edu,u45,u49,1.0
intra,edu,edu,u45,u50,1.0
intra,edu,edu,u45,u51,2.0
intra,edu,edu,u45,u52,1.0
intra,edu,edu,u45,u53,1.0
intra,edu,edu,u45,u54,1.0
intra,edu,edu,u45,u57,1.0
intra,edu,edu,u45,u58,2.0
intra,edu,edu,u45,u59,1.0
intra,edu,edu,u46,u02,1.0
intra,edu,edu,u46,u03,1.0
intra,edu,edu,u46,u04,1.0
intra,edu,edu,u46,u05,2.0
intra,edu,edu,u46,u07,1.0
intra,edu,edu,u46,u08,1.0
intra,edu,edu,u46,u09,1.0
intra,edu,edu,u46,u10,2.0
intra,edu,edu,u46,u12,2.0
intra,edu,edu,u46,u13,1.0
intra,edu,edu,u46,u14,1.0
intra,edu,edu,u46,u15,1.0
intra,edu,edu,u46,u16,1.0
intra,edu,edu,u46,u17,1.0
intra,edu,edu,u46,u18,1.0
intra,edu,edu,u46,u19,2.0
intra,edu,edu,u46,u20,1.0
intra,edu,edu,u46,u22,2.0
intra,edu,edu,u46,u23,1.0
intra,edu,edu,u46,u24,1.0
intra,edu,edu,u46,u25,1.0
intra,edu,edu,u46,u27,1.0
intra,edu,edu,u46,u30,2.0
intra,edu,edu,u46,u31,1.0
intra,edu,edu,u46,u32,1.0
intra,edu,edu,u46,u34,1.0
intra,edu,edu,u46,u35,1.0
intra,edu,edu,u46,u41,2.0
intra,edu,edu,u46,u42,1.0
intra,edu,edu,u46,u43,1.0
intra,edu,edu,u46,u44,1.0
intra,edu,edu,u46,u45,1.0
intra,edu,edu,u46,u47,1.0
intra,edu,edu,u46,u49,1.0
intra,edu,edu,u46,u50,1.0
intra,edu,edu,u46,u51,1.0
intra,edu,edu,u46,u52,2.0
intra,edu,edu,u46,u53,1.0
intra,edu,edu,u46,u54,1.0
intra,edu,edu,u46,u57,1.0
intra,edu,edu,u46,u58,1.0
intra,edu,edu,u46,u59,1.0
intra,edu,edu,u47,u02,1.0
intra,edu,edu,u47,u03,1.0
intra,edu,edu,u47,u04,1.0
intra,edu,edu,u47,u05,1.0
intra,edu,edu,u47,u07,2.0
intra,edu,edu,u47,u08,1.0
intra,edu,edu,u47,u09,1.0
intra,edu,edu,u47,u10,1.0
intra,edu,edu,u47,u12,1.0
intra,edu,edu,u47,u13,1.0
intra,edu,edu,u47,u14,1.0
intra,edu,edu,u47,u15,1.0
intra,edu,edu,u47,u16,1.0
intra,edu,edu,u47,u17,1.0
intra,edu,edu,u47,u18,1.0
intra,edu,edu,u47,u19,1.0
intra,edu,edu,u47,u20,1.0
intra,edu,edu,u47,u22,1.0
intra,edu,edu,u47,u23,1.0
intra,edu,edu,u47,u24,2.0
intra,edu,edu,u47,u25,1.0
intra,edu,edu,u47,u27,1.0
intra,edu,edu,u47,u30,1.0
intra,edu,edu,u47,u31,1.0
intra,edu,edu,u47,u32,1.0
intra,edu,edu,u47,u34,1.0
intra,edu,edu,u47,u35,1.0
intra,edu,edu,u47,u41,1.0
intra,edu,edu,u47,u42,1.0
intra,edu,edu,u47,u43,1.0
intra,edu,edu,u47,u44,2.0
intra,edu,edu,u47,u45,1.0
intra,edu,edu,u47,u46,1.0
intra,edu,edu,u47,u49,1.0
intra,edu,edu,u47,u50,2.0
intra,edu,edu,u47,u51,1.0
intra,edu,edu,u47,u52,1.0
intra,edu,edu,u47,u53,1.0
intra,edu,edu,u47,u54,1.0
intra,edu,edu,u47,u57,2.0
intra,edu,edu,u47,u58,1.0
intra,edu,edu,u47,u59,1.0
intra,edu,edu,u49,u02,1.0
intra,edu,edu,u49,u03,1.0
intra,edu,edu,u49,u04,1.0
intra,edu,edu,u49,u05,1.0
intra,edu,edu,u49,u07,1.0
intra,edu,edu,u49,u08,1.0
intra,edu,edu,u49,u09,1.0
intra,edu,edu,u49,u10,1.0
intra,edu,edu,u49,u12,1.0
intra,edu,edu,u49,u13,1.0
intra,edu,edu,u49,u14,1.0
intra,edu,edu,u49,u15,1.0
intra,edu,edu,u49,u16,1.0
intra,edu,edu,u49,u17,1.0
intra,edu,edu,u49,u18,1.0
intra,edu,edu,u49,u19,1.0
intra,edu,edu,u49,u20,1.0
intra,edu,edu,u49,u22,1.0
intra,edu,edu,u49,u23,1.0
intra,edu,edu,u49,u24,1.0
intra,edu,edu,u49,u25,1.0
intra,edu,edu,u49,u27,1.0
intra,edu,edu,u49,u30,1.0
intra,edu,edu,u49,u31,1.0
intra,edu,edu,u49,u32,1.0
intra,edu,edu,u49,u34,1.0
intra,edu,edu,u49,u35,1.0
intra,edu,edu,u49,u41,1.0
intra,edu,edu,u49,u42,1.0
intra,edu,edu,u49,u43,1.0
intra,edu,edu,u49,u44,1.0
intra,edu,edu,u49,u45,1.0
intra,edu,edu,u49,u46,1.0
intra,edu,edu,u49,u47,1.0
intra,edu,edu,u49,u50,1.0
intra,edu,edu,u49,u51,1.0
intra,edu,edu,u49,u52,1.0
intra,edu,edu,u49,u53,1.0
intra,edu,edu,u49,u54,1.0
intra,edu,edu,u49,u57,1.0
intra,edu,edu,u49,u58,1.0
intra,edu,edu,u49,u59,1.0
intra,edu,edu,u50,u02,1.0
intra,edu,edu,u50,u03,1.0
intra,edu,edu,u50,u04,1.0
intra,edu,edu,u50,u05,1.0
intra,edu,edu,u50,u07,2.0
intra,edu,edu,u50,u08,1.0
intra,edu,edu,u50,u09,1.0
intra,edu,edu,u50,u10,1.0
intra,edu,edu,u50,u12,1.0
intra,edu,edu,u50,u13,1.0
intra,edu,edu,u50,u14,1.0
intra,edu,edu,u50,u15,1.0
intra,edu,edu,u50,u16,1.0
intra,edu,edu,u50,u17,1.0
intra,edu,edu,u50,u18,1.0
intra,edu,edu,u50,u19,1.0
intra,edu,edu,u50,u20,1.0
intra,edu,edu,u50,u22,1.0
intra,edu,edu,u50,u23,1.0
intra,edu,edu,u50,u24,2.0
intra,edu,edu,u50,u25,1.0
intra,edu,edu,u50,u27,1.0
intra,edu,edu,u50,u30,1.0
intra,edu,edu,u50,u31,1.0
intra,edu,edu,u50,u32,1.0
intra,edu,edu,u50,u34,1.0
intra,edu,edu,u50,u35,1.0
intra,edu,edu,u50,u41,1.0
intra,edu,edu,u50,u42,1.0
intra,edu,edu,u50,u43,1.0
intra,edu,edu,u50,u44,2.0
intra,edu,edu,u50,u45,1.0
intra,edu,edu,u50,u46,1.0
intra,edu,edu,u50,u47,2.0
intra,edu,edu,u50,u49,1.0
intra,edu,edu,u50,u51,1.0
intra,edu,edu,u50,u52,1.0
intra,edu,edu,u50,u53,1.0
intra,edu,edu,u50,u54,1.0
intra,edu,edu,u50,u57,2.0
intra,edu,edu,u50,u58,1.0
intra,edu,edu,u50,u59,1.0
intra,edu,edu,u51,u02,1.0
intra,edu,edu,u51,u03,1.0
intra,edu,edu,u51,u04,1.0
intra,edu,edu,u51,u05,1.0
intra,edu,edu,u51,u07,1.0
intra,edu,edu,u51,u08,1.0
intra,edu,edu,u51,u09,1.0
intra,edu,edu,u51,u10,1.0
intra,edu,edu,u51,u12,1.0
intra,edu,edu,u51,u13,2.0
intra,edu,edu,u51,u14,1.0
intra,edu,edu,u51,u15,1.0
intra,edu,edu,u51,u16,1.0
intra,edu,edu,u51,u17,1.0
intra,edu,edu,u51,u18,1.0
intra,edu,edu,u51,u19,1.0
intra,edu,edu,u51,u20,2.0
intra,edu,edu,u51,u22,1.0
intra,edu,edu,u51,u23,2.0
intra,edu,edu,u51,u24,1.0
intra,edu,edu,u51,u25,1.0
intra,edu,edu,u51,u27,1.0
intra,edu,edu,u51,u30,1.0
intra,edu,edu,u51,u31,1.0
intra,edu,edu,u51,u32,1.0
intra,edu,edu,u51,u34,2.0
intra,edu,edu,u51,u35,2.0
intra,edu,edu,u51,u41,1.0
intra,edu,edu,u51,u42,2.0
intra,edu,edu,u51,u43,1.0
intra,edu,edu,u51,u44,1.0
intra,edu,edu,u51,u45,2.0
intra,edu,edu,u51,u46,1.0
intra,edu,edu,u51,u47,1.0
intra,edu,edu,u51,u49,1.0
intra,edu,edu,u51,u50,1.0
intra,edu,edu,u51,u52,1.0
intra,edu,edu,u51,u53,1.0
intra,edu,edu,u51,u54,1.0
intra,edu,edu,u51,u57,1.0
intra,edu,edu,u51,u58,2.0
intra,edu,edu,u51,u59,1.0
intra,edu,edu,u52,u02,1.0
intra,edu,edu,u52,u03,1.0
intra,edu,edu,u52,u04,1.0
intra,edu,edu,u52,u05,2.0
intra,edu,edu,u52,u07,1.0
intra,edu,edu,u52,u08,1.0
intra,edu,edu,u52,u09,1.0
intra,edu,edu,u52,u10,2.0
intra,edu,edu,u52,u12,2.0
intra,edu,edu,u52,u13,1.0
intra,edu,edu,u52,u14,1.0
intra,edu,edu,u52,u15,1.0
intra,edu,edu,u52,u16,1.0
intra,edu,edu,u52,u17,1.0
intra,edu,edu,u52,u18,1.0
intra,edu,edu,u52,u19,2.0
intra,edu,edu,u52,u20,1.0
intra,edu,edu,u52,u22,2.0
intra,edu,edu,u52,u23,1.0
intra,edu,edu,u52,u24,1.0
intra,edu,edu,u52,u25,1.0
intra,edu,edu,u52,u27,1.0
intra,edu,edu,u52,u30,2.0
intra,edu,edu,u52,u31,1.0
intra,edu,edu,u52,u32,1.0
intra,edu,edu,u52,u34,1.0
intra,edu,edu,u52,u35,1.0
intra,edu,edu,u52,u41,2.0
intra,edu,edu,u52,u42,1.0
intra,edu,edu,u52,u43,1.0
intra,edu,edu,u52,u44,1.0
intra,edu,edu,u52,u45,1.0
intra,edu,edu,u52,u46,2.0
intra,edu,edu,u52,u47,1.0
intra,edu,edu,u52,u49,1.0
intra,edu,edu,u52,u50,1.0
intra,edu,edu,u52,u51,1.0
intra,edu,edu,u52,u53,1.0
intra,edu,edu,u52,u54,1.0
intra,edu,edu,u52,u57,1.0
intra,edu,edu,u52,u58,1.0
intra,edu,edu,u52,u59,1.0
intra,edu,edu,u53,u02,1.0
intra,edu,edu,u53,u03,1.0
intra,edu,edu,u53,u04,1.0
intra,edu,edu,u53,u05,1.0
intra,edu,edu,u53,u07,1.0
intra,edu,edu,u53,u08,2.0
intra,edu,edu,u53,u09,1.0
intra,edu,edu,u53,u10,1.0
intra,edu,edu,u53,u12,2.0
intra,edu,edu,u53,u13,1.0
intra,edu,edu,u53,u14,1.0
intra,edu,edu,u53,u15,1.0
intra,edu,edu,u53,u16,1.0
intra,edu,edu,u53,u17,2.0
intra,edu,edu,u53,u18,2.0
intra,edu,edu,u53,u19,1.0
intra,edu,edu,u53,u20,1.0
intra,edu,edu,u53,u22,1.0
intra,edu,edu,u53,u23,1.0
intra,edu,edu,u53,u24,1.0
intra,edu,edu,u53,u25,1.0
intra,edu,edu,u53,u27,1.0
intra,edu,edu,u53,u30,1.0
intra,edu,edu,u53,u31,1.0
intra,edu,edu,u53,u32,1.0
intra,edu,edu,u53,u34,1.0
intra,edu,edu,u53,u35,1.0
intra,edu,edu,u53,u41,1.0
intra,edu,edu,u53,u42,1.0
intra,edu,edu,u53,u43,1.0
intra,edu,edu,u53,u44,1.0
intra,edu,edu,u53,u45,1.0
intra,edu,edu,u53,u46,1.0
intra,edu,edu,u53,u47,1.0
intra,edu,edu,u53,u49,1.0
intra,edu,edu,u53,u50,1.0
intra,edu,edu,u53,u51,1.0
intra,edu,edu,u53,u52,1.0
intra,edu,edu,u53,u54,1.0
intra,edu,edu,u53,u57,1.0
intra,edu,edu,u53,u58,1.0
intra,edu,edu,u53,u59,1.0
intra,edu,edu,u54,u02,1.0
intra,edu,edu,u54,u03,1.0
intra,edu,edu,u54,u04,1.0
intra,edu,edu,u54,u05,1.0
intra,edu,edu,u54,u07,1.0
intra,edu,edu,u54,u08,1.0
intra,edu,edu,u54,u09,1.0
intra,edu,edu,u54,u10,1.0
intra,edu,edu,u54,u12,1.0
intra,edu,edu,u54,u13,1.0
intra,edu,edu,u54,u14,1.0
intra,edu,edu,u54,u15,1.0
intra,edu,edu,u54,u16,1.0
intra,edu,edu,u54,u17,1.0
intra,edu,edu,u54,u18,1.0
intra,edu,edu,u54,u19,1.0
intra,edu,edu,u54,u20,1.0
intra,edu,edu,u54,u22,1.0
intra,edu,edu,u54,u23,1.0
intra,edu,edu,u54,u24,1.0
intra,edu,edu,u54,u25,1.0
intra,edu,edu,u54,u27,1.0
intra,edu,edu,u54,u30,1.0
intra,edu,edu,u54,u31,1.0
intra,edu,edu,u54,u32,2.0
intra,edu,edu,u54,u33,1.0
intra,edu,edu,u54,u34,1.0
intra,edu,edu,u54,u35,1.0
intra,edu,edu,u54,u41,1.0
intra,edu,edu,u54,u42,1.0
intra,edu,edu,u54,u43,1.0
intra,edu,edu,u54,u44,1.0
intra,edu,edu,u54,u45,1.0
intra,edu,edu,u54,u46,1.0
intra,edu,edu,u54,u47,1.0
intra,edu,edu,u54,u49,1.0
intra,edu,edu,u54,u50,1.0
intra,edu,edu,u54,u51,1.0
intra,edu,edu,u54,u52,1.0
intra,edu,edu,u54,u53,1.0
intra,edu,edu,u54,u57,1.0
intra,edu,edu,u54,u58,1.0
intra,edu,edu,u54,u59,1.0
intra,edu,edu,u57,u02,2.0
intra,edu,edu,u57,u03,1.0
intra,edu,edu,u57,u04,1.0
intra,edu,edu,u57,u05,1.0
intra,edu,edu,u57,u07,2.0
intra,edu,edu,u57,u08,1.0
intra,edu,edu,u57,u09,1.0
intra,edu,edu,u57,u10,1.0
intra,edu,edu,u57,u12,1.0
intra,edu,edu,u57,u13,1.0
intra,edu,edu,u57,u14,1.0
intra,edu,edu,u57,u15,1.0
intra,edu,edu,u57,u16,1.0
intra,edu,edu,u57,u17,1.0
intra,edu,edu,u57,u18,1.0
intra,edu,edu,u57,u19,1.0
intra,edu,edu,u57,u20,1.0
intra,edu,edu,u57,u22,1.0
intra,edu,edu,u57,u23,1.0
intra,edu,edu,u57,u24,2.0
intra,edu,edu,u57,u25,1.0
intra,edu,edu,u57,u27,1.0
intra,edu,edu,u57,u30,1.0
intra,edu,edu,u57,u31,1.0
intra,edu,edu,u57,u32,1.0
intra,edu,edu,u57,u34,1.0
intra,edu,edu,u57,u35,1.0
intra,edu,edu,u57,u41,1.0
intra,edu,edu,u57,u42,1.0
intra,edu,edu,u57,u43,1.0
intra,edu,edu,u57,u44,2.0
intra,edu,edu,u57,u45,1.0
intra,edu,edu,u57,u46,1.0
intra,edu,edu,u57,u47,2.0
intra,edu,edu,u57,u49,1.0
intra,edu,edu,u57,u50,2.0
intra,edu,edu,u57,u51,1.0
intra,edu,edu,u57,u52,1.0
intra,edu,edu,u57,u53,1.0
intra,edu,edu,u57,u54,1.0
intra,edu,edu,u57,u58,1.0
intra,edu,edu,u57,u59,1.0
intra,edu,edu,u58,u02,1.0
intra,edu,edu,u58,u03,1.0
intra,edu,edu,u58,u04,1.0
intra,edu,edu,u58,u05,1.0
intra,edu,edu,u58,u07,1.0
intra,edu,edu,u58,u08,1.0
intra,edu,edu,u58,u09,1.0
intra,edu,edu,u58,u10,1.0
intra,edu,edu,u58,u12,1.0
intra,edu,edu,u58,u13,2.0
intra,edu,edu,u58,u14,1.0
intra,edu,edu,u58,u15,1.0
intra,edu,edu,u58,u16,1.0
intra,edu,edu,u58,u17,1.0
intra,edu,edu,u58,u18,1.0
intra,edu,edu,u58,u19,1.0
intra,edu,edu,u58,u20,2.0
intra,edu,edu,u58,u22,1.0
intra,edu,edu,u58,u23,2.0
intra,edu,edu,u58,u24,1.0
intra,edu,edu,u58,u25,1.0
intra,edu,edu,u58,u27,1.0
intra,edu,edu,u58,u30,1.0
intra,edu,edu,u58,u31,1.0
intra,edu,edu,u58,u32,1.0
intra,edu,edu,u58,u34,2.0
intra,edu,edu,u58,u35,2.0
intra,edu,edu,u58,u41,1.0
intra,edu,edu,u58,u42,2.0
intra,edu,edu,u58,u43,1.0
intra,edu,edu,u58,u44,1.0
intra,edu,edu,u58,u45,2.0
intra,edu,edu,u58,u46,1.0
intra,edu,edu,u58,u47,1.0
intra,edu,edu,u58,u49,1.0
intra,edu,edu,u58,u50,1.0
intra,edu,edu,u58,u51,2.0
intra,edu,edu,u58,u52,1.0
intra,edu,edu,u58,u53,1.0
intra,edu,edu,u58,u54,1.0
intra,edu,edu,u58,u57,1.0
intra,edu,edu,u58,u59,1.0
intra,edu,edu,u59,u02,1.0
intra,edu,edu,u59,u03,1.0
intra,edu,edu,u59,u04,1.0
intra,edu,edu,u59,u05,1.0
intra,edu,edu,u59,u07,1.0
intra,edu,edu,u59,u08,1.0
intra,edu,edu,u59,u09,1.0
intra,edu,edu,u59,u10,1.0
intra,edu,edu,u59,u12,1.0
intra,edu,edu,u59,u13,1.0
intra,edu,edu,u59,u14,1.0
intra,edu,edu,u59,u15,1.0
intra,edu,edu,u59,u16,1.0
intra,edu,edu,u59,u17,1.0
intra,edu,edu,u59,u18,1.0
intra,edu,edu,u59,u19,1.0
intra,edu,edu,u59,u20,1.0
intra,edu,edu,u59,u22,1.0
intra,edu,edu,u59,u23,1.0
intra,edu,edu,u59,u24,1.0
intra,edu,edu,u59,u25,1.0
intra,edu,edu,u59,u27,1.0
intra,edu,edu,u59,u30,1.0
intra,edu,edu,u59,u31,1.0
intra,edu,edu,u59,u32,1.0
intra,edu,edu,u59,u34,1.0
intra,edu,edu,u59,u35,1.0
intra,edu,edu,u59,u41,1.0
intra,edu,edu,u59,u42,1.0
intra,edu,edu,u59,u43,1.0
intra,edu,edu,u59,u44,1.0
intra,edu,edu,u59,u45,1.0
intra,edu,edu,u59,u46,1.0
intra,edu,edu,u59,u47,1.0
intra,edu,edu,u59,u49,1.0
intra,edu,edu,u59,u50,1.0
intra,edu,edu,u59,u51,1.0
intra,edu,edu,u59,u52,1.0
intra,edu,edu,u59,u53,1.0
intra,edu,edu,u59,u54,1.0
intra,edu,edu,u59,u57,1.0
intra,edu,edu,u59,u58,1.0
inter,beh,phy,u00,u00,1.0
inter,beh,phy,u00,u20,0.14624999999999996
inter,beh,phy,u00,u42,0.0975
inter,beh,phy,u01,u01,1.0
inter,beh,phy,u01,u36,0.14624999999999996
inter,beh,phy,u01,u42,0.14624999999999996
inter,beh,phy,u02,u02,1.0
inter,beh,phy,u03,u03,1.0
inter,beh,phy,u03,u20,0.14624999999999996
inter,beh,phy,u03,u36,0.195
inter,beh,phy,u03,u42,0.14624999999999996
inter,beh,phy,u03,u47,0.18958333333333333
inter,beh,phy,u04,u04,1.0
inter,beh,phy,u04,u36,0.11249999999999999
inter,beh,phy,u05,u05,1.0
inter,beh,phy,u05,u36,0.15
inter,beh,phy,u05,u42,0.11249999999999999
inter,beh,phy,u07,u07,1.0
inter,beh,phy,u07,u42,0.0975
inter,beh,phy,u08,u08,1.0
inter,beh,phy,u08,u20,0.16249999999999998
inter,beh,phy,u08,u36,0.121875
inter,beh,phy,u09,u09,1.0
inter,beh,phy,u09,u18,0.17410714285714282
inter,beh,phy,u09,u20,0.12999999999999998
inter,beh,phy,u10,u10,1.0
inter,beh,phy,u10,u12,0.15511363636363634
inter,beh,phy,u10,u16,0.15669642857142857
inter,beh,phy,u10,u25,0.16810344827586204
inter,beh,phy,u10,u32,0.156
inter,beh,phy,u10,u42,0.11249999999999999
inter,beh,phy,u10,u47,0.18958333333333333
inter,beh,phy,u12,u12,1.0
inter,beh,phy,u12,u42,0.11249999999999999
inter,beh,phy,u13,u13,1.0
inter,beh,phy,u13,u14,0.16249999999999998
inter,beh,phy,u13,u20,0.13928571428571426
inter,beh,phy,u13,u25,0.16810344827586204
inter,beh,phy,u13,u30,0.15669642857142857
inter,beh,phy,u13,u42,0.1044642857142857
inter,beh,phy,u14,u14,1.0
inter,beh,phy,u14,u20,0.15
inter,beh,phy,u14,u36,0.11249999999999999
inter,beh,phy,u15,u01,0.19151785714285713
inter,beh,phy,u15,u02,0.1986111111111111
inter,beh,phy,u15,u04,0.20172413793103444
inter,beh,phy,u15,u05,0.20625
inter,beh,phy,u15,u07,0.1875
inter,beh,phy,u15,u08,0.22499999999999998
inter,beh,phy,u15,u09,0.20172413793103444
inter,beh,phy,u15,u10,0.18491379310344824
inter,beh,phy,u15,u12,0.19943181818181818
inter,beh,phy,u15,u14,0.1986111111111111
inter,beh,phy,u15,u15,1.0
inter,beh,phy,u15,u16,0.19151785714285713
inter,beh,phy,u15,u18,0.2263392857142857
inter,beh,phy,u15,u19,0.2347222222222222
inter,beh,phy,u15,u22,0.22499999999999998
inter,beh,phy,u15,u24,0.21666666666666662
inter,beh,phy,u15,u25,0.20172413793103444
inter,beh,phy,u15,u27,0.20625
inter,beh,phy,u15,u30,0.19151785714285713
inter,beh,phy,u15,u32,0.195
inter,beh,phy,u15,u33,0.2347222222222222
inter,beh,phy,u15,u36,0.11607142857142855
inter,beh,phy,u15,u43,0.21666666666666662
inter,beh,phy,u15,u46,0.2089285714285714
inter,beh,phy,u15,u49,0.22499999999999998
inter,beh,phy,u15,u54,0.2263392857142857
inter,beh,phy,u15,u57,0.21666666666666662
inter,beh,phy,u15,u59,0.20172413793103444
inter,beh,phy,u16,u16,1.0
inter,beh,phy,u17,u01,0.17410714285714282
inter,beh,phy,u17,u02,0.18055555555555552
inter,beh,phy,u17,u04,0.18491379310344824
inter,beh,phy,u17,u05,0.1875
inter,beh,phy,u17,u08,0.20625
inter,beh,phy,u17,u09,0.20172413793103444
inter,beh,phy,u17,u12,0.17727272727272728
inter,beh,phy,u17,u14,0.18055555555555552
inter,beh,phy,u17,u15,0.18491379310344824
inter,beh,phy,u17,u16,0.17410714285714282
inter,beh,phy,u17,u17,1.0
inter,beh,phy,u17,u18,0.2089285714285714
inter,beh,phy,u17,u19,0.1986111111111111
inter,beh,phy,u17,u20,0.17205882352941174
inter,beh,phy,u17,u22,0.1875
inter,beh,phy,u17,u24,0.1986111111111111
inter,beh,phy,u17,u27,0.20625
inter,beh,phy,u17,u30,0.17410714285714282
inter,beh,phy,u17,u32,0.1755
inter,beh,phy,u17,u33,0.21666666666666662
inter,beh,phy,u17,u36,0.14338235294117646
inter,beh,phy,u17,u43,0.1986111111111111
inter,beh,phy,u17,u46,0.19151785714285713
inter,beh,phy,u17,u47,0.21666666666666662
inter,beh,phy,u17,u49,0.1875
inter,beh,phy,u17,u54,0.19151785714285713
inter,beh,phy,u17,u57,0.1986111111111111
inter,beh,phy,u17,u59,0.18491379310344824
inter,beh,phy,u18,u18,1.0
inter,beh,phy,u19,u19,1.0
inter,beh,phy,u20,u02,0.18055555555555552
inter,beh,phy,u20,u04,0.18491379310344824
inter,beh,phy,u20,u05,0.1875
inter,beh,phy,u20,u07,0.16874999999999998
inter,beh,phy,u20,u08,0.20625
inter,beh,phy,u20,u09,0.18491379310344824
inter,beh,phy,u20,u15,0.18491379310344824
inter,beh,phy,u20,u19,0.18055555555555552
inter,beh,phy,u20,u20,1.0
inter,beh,phy,u20,u22,0.1875
inter,beh,phy,u20,u24,0.16249999999999998
inter,beh,phy,u20,u27,0.16874999999999998
inter,beh,phy,u20,u30,0.15669642857142857
inter,beh,phy,u20,u32,0.1755
inter,beh,phy,u20,u33,0.1986111111111111
inter,beh,phy,u20,u46,0.17410714285714282
inter,beh,phy,u20,u47,0.18958333333333333
inter,beh,phy,u20,u49,0.1875
inter,beh,phy,u20,u54,0.19151785714285713
inter,beh,phy,u20,u57,0.18055555555555552
inter,beh,phy,u20,u59,0.16810344827586204
inter,beh,phy,u22,u22,1.0
inter,beh,phy,u22,u42,0.10833333333333331
inter,beh,phy,u23,u23,1.0
inter,beh,phy,u24,u01,0.2089285714285714
inter,beh,phy,u24,u02,0.1986111111111111
inter,beh,phy,u24,u04,0.20172413793103444
inter,beh,phy,u24,u05,0.20625
inter,beh,phy,u24,u07,0.20625
inter,beh,phy,u24,u08,0.16874999999999998
inter,beh,phy,u24,u09,0.20172413793103444
inter,beh,phy,u24,u10,0.20172413793103444
inter,beh,phy,u24,u12,0.17727272727272728
inter,beh,phy,u24,u14,0.1986111111111111
inter,beh,phy,u24,u15,0.20172413793103444
inter,beh,phy,u24,u16,0.2089285714285714
inter,beh,phy,u24,u18,0.17410714285714282
inter,beh,phy,u24,u19,0.18055555555555552
inter,beh,phy,u24,u22,0.1875
inter,beh,phy,u24,u24,1.0
inter,beh,phy,u24,u25,0.21853448275862067
inter,beh,phy,u24,u27,0.1875
inter,beh,phy,u24,u30,0.19151785714285713
inter,beh,phy,u24,u32,0.1755
inter,beh,phy,u24,u33,0.1986111111111111
inter,beh,phy,u24,u43,0.21666666666666662
inter,beh,phy,u24,u46,0.2089285714285714
inter,beh,phy,u24,u49,0.1875
inter,beh,phy,u24,u54,0.2089285714285714
inter,beh,phy,u24,u57,0.1986111111111111
inter,beh,phy,u24,u59,0.20172413793103444
inter,beh,phy,u25,u25,1.0
inter,beh,phy,u27,u27,1.0
inter,beh,phy,u30,u01,0.2263392857142857
inter,beh,phy,u30,u02,0.2347222222222222
inter,beh,phy,u30,u04,0.20172413793103444
inter,beh,phy,u30,u05,0.22499999999999998
inter,beh,phy,u30,u07,0.24375
inter,beh,phy,u30,u08,0.20625
inter,beh,phy,u30,u09,0.21853448275862067
inter,beh,phy,u30,u10,0.21853448275862067
inter,beh,phy,u30,u12,0.195
inter,beh,phy,u30,u14,0.1986111111111111
inter,beh,phy,u30,u15,0.20172413793103444
inter,beh,phy,u30,u16,0.2089285714285714
inter,beh,phy,u30,u18,0.19151785714285713
inter,beh,phy,u30,u19,0.1986111111111111
inter,beh,phy,u30,u22,0.20625
inter,beh,phy,u30,u24,0.1986111111111111
inter,beh,phy,u30,u25,0.23534482758620687
inter,beh,phy,u30,u27,0.22499999999999998
inter,beh,phy,u30,u30,1.0
inter,beh,phy,u30,u32,0.2145
inter,beh,phy,u30,u33,0.21666666666666662
inter,beh,phy,u30,u42,0.0975
inter,beh,phy,u30,u43,0.2347222222222222
inter,beh,phy,u30,u46,0.2263392857142857
inter,beh,phy,u30,u47,0.1755
inter,beh,phy,u30,u49,0.22499999999999998
inter,beh,phy,u30,u54,0.2263392857142857
inter,beh,phy,u30,u57,0.21666666666666662
inter,beh,phy,u30,u59,0.21853448275862067
inter,beh,phy,u31,u31,1.0
inter,beh,phy,u31,u36,0.121875
inter,beh,phy,u32,u01,0.26116071428571425
inter,beh,phy,u32,u02,0.28888888888888886
inter,beh,phy,u32,u04,0.2689655172413793
inter,beh,phy,u32,u05,0.26249999999999996
inter,beh,phy,u32,u07,0.28124999999999994
inter,beh,phy,u32,u08,0.3
inter,beh,phy,u32,u09,0.2689655172413793
inter,beh,phy,u32,u10,0.2857758620689655
inter,beh,phy,u32,u12,0.24375
inter,beh,phy,u32,u14,0.2708333333333333
inter,beh,phy,u32,u15,0.2857758620689655
inter,beh,phy,u32,u16,0.26116071428571425
inter,beh,phy,u32,u18,0.2785714285714285
inter,beh,phy,u32,u19,0.28888888888888886
inter,beh,phy,u32,u22,0.26249999999999996
inter,beh,phy,u32,u24,0.2708333333333333
inter,beh,phy,u32,u25,0.2689655172413793
inter,beh,phy,u32,u27,0.28124999999999994
inter,beh,phy,u32,u30,0.2785714285714285
inter,beh,phy,u32,u32,1.0
inter,beh,phy,u32,u33,0.28888888888888886
inter,beh,phy,u32,u43,0.28888888888888886
inter,beh,phy,u32,u46,0.2785714285714285
inter,beh,phy,u32,u47,0.24375
inter,beh,phy,u32,u49,0.28124999999999994
inter,beh,phy,u32,u54,0.2959821428571428
inter,beh,phy,u32,u57,0.28888888888888886
inter,beh,phy,u32,u59,0.2857758620689655
inter,beh,phy,u33,u33,1.0
inter,beh,phy,u34,u01,0.2263392857142857
inter,beh,phy,u34,u02,0.2527777777777777
inter,beh,phy,u34,u04,0.23534482758620687
inter,beh,phy,u34,u05,0.22499999999999998
inter,beh,phy,u34,u07,0.24375
inter,beh,phy,u34,u08,0.26249999999999996
inter,beh,phy,u34,u09,0.23534482758620687
inter,beh,phy,u34,u10,0.2521551724137931
inter,beh,phy,u34,u12,0.1875
inter,beh,phy,u34,u14,0.2347222222222222
inter,beh,phy,u34,u15,0.2521551724137931
inter,beh,phy,u34,u16,0.2263392857142857
inter,beh,phy,u34,u18,0.26116071428571425
inter,beh,phy,u34,u19,0.2527777777777777
inter,beh,phy,u34,u22,0.22499999999999998
inter,beh,phy,u34,u24,0.2527777777777777
inter,beh,phy,u34,u25,0.23534482758620687
inter,beh,phy,u34,u27,0.24375
inter,beh,phy,u34,u30,0.24375
inter,beh,phy,u34,u32,0.22499999999999998
inter,beh,phy,u34,u33,0.2708333333333333
inter,beh,phy,u34,u34,1.0
inter,beh,phy,u34,u43,0.2708333333333333
inter,beh,phy,u34,u46,0.24375
inter,beh,phy,u34,u47,0.1875
inter,beh,phy,u34,u49,0.24375
inter,beh,phy,u34,u54,0.26116071428571425
inter,beh,phy,u34,u57,0.2527777777777777
inter,beh,phy,u34,u59,0.2521551724137931
inter,beh,phy,u35,u35,1.0
inter,beh,phy,u36,u20,0.195
inter,beh,phy,u36,u36,1.0
inter,beh,phy,u39,u39,1.0
inter,beh,phy,u41,u01,0.2708333333333333
inter,beh,phy,u41,u02,0.2708333333333333
inter,beh,phy,u41,u04,0.284375
inter,beh,phy,u41,u05,0.24375
inter,beh,phy,u41,u07,0.24375
inter,beh,phy,u41,u08,0.24375
inter,beh,phy,u41,u09,0.284375
inter,beh,phy,u41,u10,0.284375
inter,beh,phy,u41,u12,0.18958333333333333
inter,beh,phy,u41,u14,0.25729166666666664
inter,beh,phy,u41,u15,0.284375
inter,beh,phy,u41,u16,0.2708333333333333
inter,beh,phy,u41,u18,0.2708333333333333
inter,beh,phy,u41,u19,0.2708333333333333
inter,beh,phy,u41,u22,0.24375
inter,beh,phy,u41,u24,0.25729166666666664
inter,beh,phy,u41,u25,0.29791666666666666
inter,beh,phy,u41,u27,0.24375
inter,beh,phy,u41,u30,0.2708333333333333
inter,beh,phy,u41,u32,0.2302083333333333
inter,beh,phy,u41,u33,0.2708333333333333
inter,beh,phy,u41,u41,1.0
inter,beh,phy,u41,u43,0.2708333333333333
inter,beh,phy,u41,u46,0.284375
inter,beh,phy,u41,u47,0.18958333333333333
inter,beh,phy,u41,u49,0.25729166666666664
inter,beh,phy,u41,u54,0.284375
inter,beh,phy,u41,u57,0.2708333333333333
inter,beh,phy,u41,u59,0.284375
inter,beh,phy,u42,u07,0.16874999999999998
inter,beh,phy,u42,u10,0.16810344827586204
inter,beh,phy,u42,u24,0.16249999999999998
inter,beh,phy,u42,u30,0.17410714285714282
inter,beh,phy,u42,u42,1.0
inter,beh,phy,u42,u43,0.18055555555555552
inter,beh,phy,u42,u59,0.16810344827586204
inter,beh,phy,u43,u43,1.0
inter,beh,phy,u44,u44,1.0
inter,beh,phy,u45,u01,0.17410714285714282
inter,beh,phy,u45,u02,0.16249999999999998
inter,beh,phy,u45,u04,0.18491379310344824
inter,beh,phy,u45,u07,0.16874999999999998
inter,beh,phy,u45,u08,0.1875
inter,beh,phy,u45,u10,0.16810344827586204
inter,beh,phy,u45,u15,0.16810344827586204
inter,beh,phy,u45,u18,0.19151785714285713
inter,beh,phy,u45,u19,0.18055555555555552
inter,beh,phy,u45,u24,0.18055555555555552
inter,beh,phy,u45,u27,0.16874999999999998
inter,beh,phy,u45,u33,0.1986111111111111
inter,beh,phy,u45,u43,0.18055555555555552
inter,beh,phy,u45,u45,1.0
inter,beh,phy,u45,u46,0.17410714285714282
inter,beh,phy,u45,u47,0.170625
inter,beh,phy,u45,u49,0.16874999999999998
inter,beh,phy,u45,u54,0.17410714285714282
inter,beh,phy,u45,u57,0.18055555555555552
inter,beh,phy,u46,u46,1.0
inter,beh,phy,u47,u47,1.0
inter,beh,phy,u49,u36,0.121875
inter,beh,phy,u49,u49,1.0
inter,beh,phy,u50,u10,0.16810344827586204
inter,beh,phy,u50,u15,0.16810344827586204
inter,beh,phy,u50,u20,0.11607142857142855
inter,beh,phy,u50,u50,1.0
inter,beh,phy,u51,u01,0.26116071428571425
inter,beh,phy,u51,u02,0.24375
inter,beh,phy,u51,u04,0.2689655172413793
inter,beh,phy,u51,u05,0.2089285714285714
inter,beh,phy,u51,u07,0.2263392857142857
inter,beh,phy,u51,u08,0.2263392857142857
inter,beh,phy,u51,u09,0.2521551724137931
inter,beh,phy,u51,u10,0.2689655172413793
inter,beh,phy,u51,u12,0.17410714285714282
inter,beh,phy,u51,u14,0.2263392857142857
inter,beh,phy,u51,u15,0.2521551724137931
inter,beh,phy,u51,u16,0.24375
inter,beh,phy,u51,u18,0.26116071428571425
inter,beh,phy,u51,u19,0.24375
inter,beh,phy,u51,u22,0.2263392857142857
inter,beh,phy,u51,u24,0.2263392857142857
inter,beh,phy,u51,u25,0.2521551724137931
inter,beh,phy,u51,u27,0.2089285714285714
inter,beh,phy,u51,u30,0.24375
inter,beh,phy,u51,u32,0.19151785714285713
inter,beh,phy,u51,u33,0.24375
inter,beh,phy,u51,u43,0.24375
inter,beh,phy,u51,u46,0.26116071428571425
inter,beh,phy,u51,u47,0.19151785714285713
inter,beh,phy,u51,u49,0.2263392857142857
inter,beh,phy,u51,u51,1.0
inter,beh,phy,u51,u54,0.26116071428571425
inter,beh,phy,u51,u57,0.24375
inter,beh,phy,u51,u59,0.2521551724137931
inter,beh,phy,u52,u52,1.0
inter,beh,phy,u53,u53,1.0
inter,beh,phy,u54,u54,1.0
inter,beh,phy,u56,u20,0.14624999999999996
inter,beh,phy,u56,u56,1.0
inter,beh,phy,u57,u57,1.0
inter,beh,phy,u58,u58,1.0
inter,beh,phy,u59,u01,0.19151785714285713
inter,beh,phy,u59,u05,0.1875
inter,beh,phy,u59,u09,0.18491379310344824
inter,beh,phy,u59,u12,0.17727272727272728
inter,beh,phy,u59,u14,0.18055555555555552
inter,beh,phy,u59,u16,0.19151785714285713
inter,beh,phy,u59,u22,0.1875
inter,beh,phy,u59,u25,0.18491379310344824
inter,beh,phy,u59,u32,0.1755
inter,beh,phy,u59,u59,1.0
inter,edu,phy,u00,u00,1.0
inter,edu,phy,u01,u01,1.0
inter,edu,phy,u02,u02,1.0
inter,edu,phy,u03,u03,1.0
inter,edu,phy,u04,u04,1.0
inter,edu,phy,u05,u05,1.0
inter,edu,phy,u07,u07,1.0
inter,edu,phy,u08,u08,1.0
inter,edu,phy,u09,u09,1.0
inter,edu,phy,u10,u10,1.0
inter,edu,phy,u12,u07,0.2666666666666666
inter,edu,phy,u12,u08,0.2666666666666666
inter,edu,phy,u12,u12,1.0
inter,edu,phy,u12,u27,0.2666666666666666
inter,edu,phy,u12,u32,0.25555555555555554
inter,edu,phy,u13,u02,0.27777777777777773
inter,edu,phy,u13,u04,0.28888888888888886
inter,edu,phy,u13,u07,0.2666666666666666
inter,edu,phy,u13,u08,0.2666666666666666
inter,edu,phy,u13,u09,0.28888888888888886
inter,edu,phy,u13,u10,0.28888888888888886
inter,edu,phy,u13,u13,1.0
inter,edu,phy,u13,u15,0.3
inter,edu,phy,u13,u18,0.28888888888888886
inter,edu,phy,u13,u19,0.27777777777777773
inter,edu,phy,u13,u25,0.28888888888888886
inter,edu,phy,u13,u27,0.2666666666666666
inter,edu,phy,u13,u32,0.25555555555555554
inter,edu,phy,u13,u33,0.28888888888888886
inter,edu,phy,u13,u43,0.28888888888888886
inter,edu,phy,u13,u46,0.27777777777777773
inter,edu,phy,u13,u49,0.2666666666666666
inter,edu,phy,u13,u54,0.28888888888888886
inter,edu,phy,u13,u57,0.27777777777777773
inter,edu,phy,u14,u14,1.0
inter,edu,phy,u15,u15,1.0
inter,edu,phy,u16,u16,1.0
inter,edu,phy,u17,u01,0.28888888888888886
inter,edu,phy,u17,u02,0.27777777777777773
inter,edu,phy,u17,u04,0.28888888888888886
inter,edu,phy,u17,u05,0.2666666666666666
inter,edu,phy,u17,u07,0.2666666666666666
inter,edu,phy,u17,u08,0.2666666666666666
inter,edu,phy,u17,u09,0.28888888888888886
inter,edu,phy,u17,u10,0.28888888888888886
inter,edu,phy,u17,u12,0.2222222222222222
inter,edu,phy,u17,u14,0.27777777777777773
inter,edu,phy,u17,u15,0.3
inter,edu,phy,u17,u16,0.27777777777777773
inter,edu,phy,u17,u17,1.0
inter,edu,phy,u17,u18,0.28888888888888886
inter,edu,phy,u17,u19,0.27777777777777773
inter,edu,phy,u17,u22,0.2666666666666666
inter,edu,phy,u17,u24,0.27777777777777773
inter,edu,phy,u17,u25,0.28888888888888886
inter,edu,phy,u17,u27,0.2666666666666666
inter,edu,phy,u17,u30,0.28888888888888886
inter,edu,phy,u17,u32,0.25555555555555554
inter,edu,phy,u17,u33,0.28888888888888886
inter,edu,phy,u17,u43,0.28888888888888886
inter,edu,phy,u17,u46,0.27777777777777773
inter,edu,phy,u17,u49,0.2666666666666666
inter,edu,phy,u17,u54,0.28888888888888886
inter,edu,phy,u17,u57,0.27777777777777773
inter,edu,phy,u17,u59,0.28888888888888886
inter,edu,phy,u18,u18,1.0
inter,edu,phy,u18,u20,0.1111111111111111
inter,edu,phy,u19,u19,1.0
inter,edu,phy,u20,u01,0.28888888888888886
inter,edu,phy,u20,u04,0.28888888888888886
inter,edu,phy,u20,u05,0.2666666666666666
inter,edu,phy,u20,u09,0.28888888888888886
inter,edu,phy,u20,u12,0.2222222222222222
inter,edu,phy,u20,u14,0.27777777777777773
inter,edu,phy,u20,u16,0.27777777777777773
inter,edu,phy,u20,u18,0.28888888888888886
inter,edu,phy,u20,u19,0.27777777777777773
inter,edu,phy,u20,u20,1.0
inter,edu,phy,u20,u22,0.2666666666666666
inter,edu,phy,u20,u24,0.27777777777777773
inter,edu,phy,u20,u33,0.28888888888888886
inter,edu,phy,u20,u46,0.27777777777777773
inter,edu,phy,u20,u49,0.2666666666666666
inter,edu,phy,u20,u57,0.27777777777777773
inter,edu,phy,u22,u22,1.0
inter,edu,phy,u22,u36,0.07777777777777777
inter,edu,phy,u22,u47,0.17777777777777776
inter,edu,phy,u23,u01,0.28888888888888886
inter,edu,phy,u23,u02,0.27777777777777773
inter,edu,phy,u23,u04,0.28888888888888886
inter,edu,phy,u23,u05,0.2666666666666666
inter,edu,phy,u23,u07,0.2666666666666666
inter,edu,phy,u23,u08,0.2666666666666666
inter,edu,phy,u23,u09,0.28888888888888886
inter,edu,phy,u23,u10,0.28888888888888886
inter,edu,phy,u23,u12,0.2222222222222222
inter,edu,phy,u23,u14,0.27777777777777773
inter,edu,phy,u23,u15,0.3
inter,edu,phy,u23,u16,0.27777777777777773
inter,edu,phy,u23,u18,0.28888888888888886
inter,edu,phy,u23,u19,0.27777777777777773
inter,edu,phy,u23,u22,0.2666666666666666
inter,edu,phy,u23,u23,1.0
inter,edu,phy,u23,u24,0.27777777777777773
inter,edu,phy,u23,u25,0.28888888888888886
inter,edu,phy,u23,u27,0.2666666666666666
inter,edu,phy,u23,u30,0.28888888888888886
inter,edu,phy,u23,u32,0.25555555555555554
inter,edu,phy,u23,u33,0.28888888888888886
inter,edu,phy,u23,u36,0.07777777777777777
inter,edu,phy,u23,u46,0.27777777777777773
inter,edu,phy,u23,u47,0.17777777777777776
inter,edu,phy,u23,u49,0.2666666666666666
inter,edu,phy,u23,u54,0.28888888888888886
inter,edu,phy,u23,u57,0.27777777777777773
inter,edu,phy,u23,u59,0.28888888888888886
inter,edu,phy,u24,u24,1.0
inter,edu,phy,u24,u36,0.07777777777777777
inter,edu,phy,u25,u25,1.0
inter,edu,phy,u25,u42,0.07777777777777777
inter,edu,phy,u27,u12,0.2222222222222222
inter,edu,phy,u27,u20,0.1111111111111111
inter,edu,phy,u27,u27,1.0
inter,edu,phy,u27,u36,0.07777777777777777
inter,edu,phy,u27,u42,0.07777777777777777
inter,edu,phy,u30,u30,1.0
inter,edu,phy,u30,u36,0.07777777777777777
inter,edu,phy,u30,u42,0.07777777777777777
inter,edu,phy,u31,u01,0.28888888888888886
inter,edu,phy,u31,u02,0.27777777777777773
inter,edu,phy,u31,u04,0.28888888888888886
inter,edu,phy,u31,u05,0.2666666666666666
inter,edu,phy,u31,u07,0.2666666666666666
inter,edu,phy,u31,u08,0.2666666666666666
inter,edu,phy,u31,u09,0.28888888888888886
inter,edu,phy,u31,u10,0.28888888888888886
inter,edu,phy,u31,u14,0.27777777777777773
inter,edu,phy,u31,u15,0.3
inter,edu,phy,u31,u16,0.27777777777777773
inter,edu,phy,u31,u18,0.28888888888888886
inter,edu,phy,u31,u19,0.27777777777777773
inter,edu,phy,u31,u20,0.1111111111111111
inter,edu,phy,u31,u22,0.2666666666666666
inter,edu,phy,u31,u24,0.27777777777777773
inter,edu,phy,u31,u25,0.28888888888888886
inter,edu,phy,u31,u27,0.2666666666666666
inter,edu,phy,u31,u30,0.28888888888888886
inter,edu,phy,u31,u31,1.0
inter,edu,phy,u31,u32,0.25555555555555554
inter,edu,phy,u31,u33,0.28888888888888886
inter,edu,phy,u31,u36,0.07777777777777777
inter,edu,phy,u31,u42,0.07777777777777777
inter,edu,phy,u31,u46,0.27777777777777773
inter,edu,phy,u31,u47,0.17777777777777776
inter,edu,phy,u31,u49,0.2666666666666666
inter,edu,phy,u31,u54,0.28888888888888886
inter,edu,phy,u31,u57,0.27777777777777773
inter,edu,phy,u31,u59,0.28888888888888886
inter,edu,phy,u32,u12,0.2222222222222222
inter,edu,phy,u32,u20,0.1111111111111111
inter,edu,phy,u32,u32,1.0
inter,edu,phy,u32,u36,0.07777777777777777
inter,edu,phy,u32,u42,0.07777777777777777
inter,edu,phy,u32,u47,0.17777777777777776
inter,edu,phy,u33,u33,1.0
inter,edu,phy,u34,u01,0.28888888888888886
inter,edu,phy,u34,u02,0.27777777777777773
inter,edu,phy,u34,u04,0.28888888888888886
inter,edu,phy,u34,u05,0.2666666666666666
inter,edu,phy,u34,u09,0.28888888888888886
inter,edu,phy,u34,u10,0.28888888888888886
inter,edu,phy,u34,u12,0.2222222222222222
inter,edu,phy,u34,u14,0.27777777777777773
inter,edu,phy,u34,u15,0.3
inter,edu,phy,u34,u16,0.27777777777777773
inter,edu,phy,u34,u18,0.28888888888888886
inter,edu,phy,u34,u19,0.27777777777777773
inter,edu,phy,u34,u20,0.1111111111111111
inter,edu,phy,u34,u22,0.2666666666666666
inter,edu,phy,u34,u24,0.27777777777777773
inter,edu,phy,u34,u25,0.28888888888888886
inter,edu,phy,u34,u30,0.28888888888888886
inter,edu,phy,u34,u33,0.28888888888888886
inter,edu,phy,u34,u34,1.0
inter,edu,phy,u34,u36,0.07777777777777777
inter,edu,phy,u34,u42,0.07777777777777777
inter,edu,phy,u34,u43,0.28888888888888886
inter,edu,phy,u34,u46,0.27777777777777773
inter,edu,phy,u34,u49,0.2666666666666666
inter,edu,phy,u34,u54,0.28888888888888886
inter,edu,phy,u34,u57,0.27777777777777773
inter,edu,phy,u34,u59,0.28888888888888886
inter,edu,phy,u35,u01,0.28888888888888886
inter,edu,phy,u35,u02,0.27777777777777773
inter,edu,phy,u35,u04,0.28888888888888886
inter,edu,phy,u35,u05,0.2666666666666666
inter,edu,phy,u35,u08,0.2666666666666666
inter,edu,phy,u35,u09,0.28888888888888886
inter,edu,phy,u35,u10,0.28888888888888886
inter,edu,phy,u35,u14,0.27777777777777773
inter,edu,phy,u35,u15,0.3
inter,edu,phy,u35,u16,0.27777777777777773
inter,edu,phy,u35,u18,0.28888888888888886
inter,edu,phy,u35,u19,0.27777777777777773
inter,edu,phy,u35,u20,0.1111111111111111
inter,edu,phy,u35,u22,0.2666666666666666
inter,edu,phy,u35,u24,0.27777777777777773
inter,edu,phy,u35,u25,0.28888888888888886
inter,edu,phy,u35,u27,0.2666666666666666
inter,edu,phy,u35,u30,0.28888888888888886
inter,edu,phy,u35,u33,0.28888888888888886
inter,edu,phy,u35,u35,1.0
inter,edu,phy,u35,u42,0.07777777777777777
inter,edu,phy,u35,u43,0.28888888888888886
inter,edu,phy,u35,u46,0.27777777777777773
inter,edu,phy,u35,u49,0.2666666666666666
inter,edu,phy,u35,u54,0.28888888888888886
inter,edu,phy,u35,u57,0.27777777777777773
inter,edu,phy,u35,u59,0.28888888888888886
inter,edu,phy,u36,u36,1.0
inter,edu,phy,u39,u39,1.0
inter,edu,phy,u41,u01,0.28888888888888886
inter,edu,phy,u41,u02,0.27777777777777773
inter,edu,phy,u41,u04,0.28888888888888886
inter,edu,phy,u41,u05,0.2666666666666666
inter,edu,phy,u41,u09,0.28888888888888886
inter,edu,phy,u41,u10,0.28888888888888886
inter,edu,phy,u41,u14,0.27777777777777773
inter,edu,phy,u41,u15,0.3
inter,edu,phy,u41,u16,0.27777777777777773
inter,edu,phy,u41,u18,0.28888888888888886
inter,edu,phy,u41,u19,0.27777777777777773
inter,edu,phy,u41,u22,0.2666666666666666
inter,edu,phy,u41,u24,0.27777777777777773
inter,edu,phy,u41,u25,0.28888888888888886
inter,edu,phy,u41,u30,0.28888888888888886
inter,edu,phy,u41,u33,0.28888888888888886
inter,edu,phy,u41,u41,1.0
inter,edu,phy,u41,u42,0.07777777777777777
inter,edu,phy,u41,u43,0.28888888888888886
inter,edu,phy,u41,u46,0.27777777777777773
inter,edu,phy,u41,u47,0.17777777777777776
inter,edu,phy,u41,u49,0.2666666666666666
inter,edu,phy,u41,u54,0.28888888888888886
inter,edu,phy,u41,u57,0.27777777777777773
inter,edu,phy,u41,u59,0.28888888888888886
inter,edu,phy,u42,u01,0.28888888888888886
inter,edu,phy,u42,u02,0.27777777777777773
inter,edu,phy,u42,u05,0.2666666666666666
inter,edu,phy,u42,u07,0.2666666666666666
inter,edu,phy,u42,u10,0.28888888888888886
inter,edu,phy,u42,u12,0.2222222222222222
inter,edu,phy,u42,u14,0.27777777777777773
inter,edu,phy,u42,u16,0.27777777777777773
inter,edu,phy,u42,u22,0.2666666666666666
inter,edu,phy,u42,u24,0.27777777777777773
inter,edu,phy,u42,u25,0.28888888888888886
inter,edu,phy,u42,u27,0.2666666666666666
inter,edu,phy,u42,u30,0.28888888888888886
inter,edu,phy,u42,u32,0.25555555555555554
inter,edu,phy,u42,u42,1.0
inter,edu,phy,u42,u43,0.28888888888888886
inter,edu,phy,u42,u46,0.27777777777777773
inter,edu,phy,u42,u47,0.17777777777777776
inter,edu,phy,u42,u49,0.2666666666666666
inter,edu,phy,u42,u57,0.27777777777777773
inter,edu,phy,u42,u59,0.28888888888888886
inter,edu,phy,u43,u33,0.28888888888888886
inter,edu,phy,u43,u42,0.07777777777777777
inter,edu,phy,u43,u43,1.0
inter,edu,phy,u44,u01,0.28888888888888886
inter,edu,phy,u44,u02,0.27777777777777773
inter,edu,phy,u44,u04,0.28888888888888886
inter,edu,phy,u44,u05,0.2666666666666666
inter,edu,phy,u44,u07,0.2666666666666666
inter,edu,phy,u44,u08,0.2666666666666666
inter,edu,phy,u44,u09,0.28888888888888886
inter,edu,phy,u44,u10,0.28888888888888886
inter,edu,phy,u44,u12,0.2222222222222222
inter,edu,phy,u44,u14,0.27777777777777773
inter,edu,phy,u44,u15,0.3
inter,edu,phy,u44,u16,0.27777777777777773
inter,edu,phy,u44,u18,0.28888888888888886
inter,edu,phy,u44,u19,0.27777777777777773
inter,edu,phy,u44,u20,0.1111111111111111
inter,edu,phy,u44,u22,0.2666666666666666
inter,edu,phy,u44,u24,0.27777777777777773
inter,edu,phy,u44,u25,0.28888888888888886
inter,edu,phy,u44,u27,0.2666666666666666
inter,edu,phy,u44,u32,0.25555555555555554
inter,edu,phy,u44,u33,0.28888888888888886
inter,edu,phy,u44,u43,0.28888888888888886
inter,edu,phy,u44,u44,1.0
inter,edu,phy,u44,u46,0.27777777777777773
inter,edu,phy,u44,u47,0.17777777777777776
inter,edu,phy,u44,u49,0.2666666666666666
inter,edu,phy,u44,u54,0.28888888888888886
inter,edu,phy,u44,u57,0.27777777777777773
inter,edu,phy,u45,u01,0.28888888888888886
inter,edu,phy,u45,u02,0.27777777777777773
inter,edu,phy,u45,u04,0.28888888888888886
inter,edu,phy,u45,u05,0.2666666666666666
inter,edu,phy,u45,u07,0.2666666666666666
inter,edu,phy,u45,u08,0.2666666666666666
inter,edu,phy,u45,u09,0.28888888888888886
inter,edu,phy,u45,u10,0.28888888888888886
inter,edu,phy,u45,u12,0.2222222222222222
inter,edu,phy,u45,u14,0.27777777777777773
inter,edu,phy,u45,u15,0.3
inter,edu,phy,u45,u16,0.27777777777777773
inter,edu,phy,u45,u18,0.28888888888888886
inter,edu,phy,u45,u19,0.27777777777777773
inter,edu,phy,u45,u20,0.1111111111111111
inter,edu,phy,u45,u22,0.2666666666666666
inter,edu,phy,u45,u24,0.27777777777777773
inter,edu,phy,u45,u25,0.28888888888888886
inter,edu,phy,u45,u27,0.2666666666666666
inter,edu,phy,u45,u32,0.25555555555555554
inter,edu,phy,u45,u43,0.28888888888888886
inter,edu,phy,u45,u45,1.0
inter,edu,phy,u45,u54,0.28888888888888886
inter,edu,phy,u46,u20,0.1111111111111111
inter,edu,phy,u46,u46,1.0
inter,edu,phy,u47,u07,0.2666666666666666
inter,edu,phy,u47,u08,0.2666666666666666
inter,edu,phy,u47,u12,0.2222222222222222
inter,edu,phy,u47,u32,0.25555555555555554
inter,edu,phy,u47,u47,1.0
inter,edu,phy,u49,u47,0.17777777777777776
inter,edu,phy,u49,u49,1.0
inter,edu,phy,u50,u36,0.07777777777777777
inter,edu,phy,u50,u43,0.28888888888888886
inter,edu,phy,u50,u50,1.0
inter,edu,phy,u51,u51,1.0
inter,edu,phy,u52,u30,0.28888888888888886
inter,edu,phy,u52,u52,1.0
inter,edu,phy,u52,u59,0.28888888888888886
inter,edu,phy,u53,u30,0.28888888888888886
inter,edu,phy,u53,u53,1.0
inter,edu,phy,u53,u59,0.28888888888888886
inter,edu,phy,u54,u47,0.18449612403100774
inter,edu,phy,u54,u54,1.0
inter,edu,phy,u56,u56,1.0
inter,edu,phy,u57,u57,1.0
inter,edu,phy,u58,u07,0.2666666666666666
inter,edu,phy,u58,u08,0.2666666666666666
inter,edu,phy,u58,u15,0.3
inter,edu,phy,u58,u20,0.1111111111111111
inter,edu,phy,u58,u27,0.2666666666666666
inter,edu,phy,u58,u30,0.28888888888888886
inter,edu,phy,u58,u32,0.25555555555555554
inter,edu,phy,u58,u36,0.07777777777777777
inter,edu,phy,u58,u42,0.07777777777777777
inter,edu,phy,u58,u43,0.28888888888888886
inter,edu,phy,u58,u47,0.17777777777777776
inter,edu,phy,u58,u54,0.28888888888888886
inter,edu,phy,u58,u58,1.0
inter,edu,phy,u58,u59,0.28888888888888886
inter,edu,phy,u59,u59,1.0
inter,beh,edu,u00,u00,1.0
inter,beh,edu,u00,u19,0.09090909090909091
inter,beh,edu,u00,u22,0.09090909090909091
inter,beh,edu,u00,u23,0.09090909090909091
inter,beh,edu,u00,u25,0.09090909090909091
inter,beh,edu,u00,u27,0.09090909090909091
inter,beh,edu,u00,u31,0.09090909090909091
inter,beh,edu,u00,u32,0.09090909090909091
inter,beh,edu,u00,u34,0.09090909090909091
inter,beh,edu,u00,u49,0.09090909090909091
inter,beh,edu,u00,u58,0.09090909090909091
inter,beh,edu,u01,u01,1.0
inter,beh,edu,u01,u24,0.09090909090909091
inter,beh,edu,u01,u25,0.09090909090909091
inter,beh,edu,u01,u27,0.09090909090909091
inter,beh,edu,u01,u30,0.09090909090909091
inter,beh,edu,u01,u31,0.09090909090909091
inter,beh,edu,u01,u35,0.09090909090909091
inter,beh,edu,u01,u43,0.09090909090909091
inter,beh,edu,u01,u44,0.09090909090909091
inter,beh,edu,u01,u45,0.09090909090909091
inter,beh,edu,u01,u58,0.09090909090909091
inter,beh,edu,u02,u02,1.0
inter,beh,edu,u02,u25,0.09090909090909091
inter,beh,edu,u02,u27,0.09090909090909091
inter,beh,edu,u02,u30,0.09090909090909091
inter,beh,edu,u02,u32,0.09090909090909091
inter,beh,edu,u02,u34,0.09090909090909091
inter,beh,edu,u02,u35,0.09090909090909091
inter,beh,edu,u02,u41,0.09090909090909091
inter,beh,edu,u02,u45,0.09090909090909091
inter,beh,edu,u02,u47,0.09090909090909091
inter,beh,edu,u02,u58,0.09090909090909091
inter,beh,edu,u03,u03,1.0
inter,beh,edu,u03,u25,0.09090909090909091
inter,beh,edu,u03,u27,0.09090909090909091
inter,beh,edu,u03,u31,0.09090909090909091
inter,beh,edu,u03,u32,0.09090909090909091
inter,beh,edu,u03,u34,0.09090909090909091
inter,beh,edu,u03,u35,0.09090909090909091
inter,beh,edu,u03,u44,0.09090909090909091
inter,beh,edu,u03,u45,0.09090909090909091
inter,beh,edu,u03,u58,0.09090909090909091
inter,beh,edu,u03,u59,0.09090909090909091
inter,beh,edu,u04,u04,1.0
inter,beh,edu,u04,u24,0.1
inter,beh,edu,u04,u25,0.1
inter,beh,edu,u04,u27,0.1
inter,beh,edu,u04,u31,0.1
inter,beh,edu,u04,u35,0.1
inter,beh,edu,u04,u43,0.1
inter,beh,edu,u04,u44,0.1
inter,beh,edu,u04,u45,0.1
inter,beh,edu,u04,u58,0.1
inter,beh,edu,u04,u59,0.1
inter,beh,edu,u05,u05,1.0
inter,beh,edu,u05,u23,0.10909090909090909
inter,beh,edu,u05,u24,0.10909090909090909
inter,beh,edu,u05,u25,0.10909090909090909
inter,beh,edu,u05,u27,0.10909090909090909
inter,beh,edu,u05,u30,0.10909090909090909
inter,beh,edu,u05,u31,0.10909090909090909
inter,beh,edu,u05,u43,0.10909090909090909
inter,beh,edu,u05,u44,0.10909090909090909
inter,beh,edu,u05,u46,0.10909090909090909
inter,beh,edu,u05,u58,0.10909090909090909
inter,beh,edu,u07,u07,1.0
inter,beh,edu,u07,u24,0.09090909090909091
inter,beh,edu,u07,u25,0.09090909090909091
inter,beh,edu,u07,u27,0.09090909090909091
inter,beh,edu,u07,u30,0.09090909090909091
inter,beh,edu,u07,u31,0.09090909090909091
inter,beh,edu,u07,u35,0.09090909090909091
inter,beh,edu,u07,u42,0.09090909090909091
inter,beh,edu,u07,u44,0.09090909090909091
inter,beh,edu,u07,u45,0.09090909090909091
inter,beh,edu,u07,u58,0.09090909090909091
inter,beh,edu,u08,u08,1.0
inter,beh,edu,u08,u19,0.09090909090909091
inter,beh,edu,u08,u27,0.09090909090909091
inter,beh,edu,u08,u31,0.09090909090909091
inter,beh,edu,u08,u32,0.09090909090909091
inter,beh,edu,u08,u34,0.09090909090909091
inter,beh,edu,u08,u35,0.09090909090909091
inter,beh,edu,u08,u44,0.09090909090909091
inter,beh,edu,u08,u45,0.09090909090909091
inter,beh,edu,u08,u47,0.09090909090909091
inter,beh,edu,u08,u58,0.09090909090909091
inter,beh,edu,u09,u09,1.0
inter,beh,edu,u09,u22,0.12727272727272726
inter,beh,edu,u09,u23,0.12727272727272726
inter,beh,edu,u09,u24,0.12727272727272726
inter,beh,edu,u09,u25,0.12727272727272726
inter,beh,edu,u09,u27,0.12727272727272726
inter,beh,edu,u09,u30,0.12727272727272726
inter,beh,edu,u09,u31,0.12727272727272726
inter,beh,edu,u09,u35,0.12727272727272726
inter,beh,edu,u09,u46,0.12727272727272726
inter,beh,edu,u09,u58,0.12727272727272726
inter,beh,edu,u10,u10,1.0
inter,beh,edu,u10,u25,0.10909090909090909
inter,beh,edu,u10,u27,0.10909090909090909
inter,beh,edu,u10,u31,0.10909090909090909
inter,beh,edu,u10,u32,0.10909090909090909
inter,beh,edu,u10,u34,0.10909090909090909
inter,beh,edu,u10,u35,0.10909090909090909
inter,beh,edu,u10,u44,0.10909090909090909
inter,beh,edu,u10,u45,0.10909090909090909
inter,beh,edu,u10,u47,0.10909090909090909
inter,beh,edu,u10,u58,0.10909090909090909
inter,beh,edu,u12,u12,1.0
inter,beh,edu,u12,u25,0.10909090909090909
inter,beh,edu,u12,u27,0.10909090909090909
inter,beh,edu,u12,u30,0.10909090909090909
inter,beh,edu,u12,u32,0.10909090909090909
inter,beh,edu,u12,u34,0.10909090909090909
inter,beh,edu,u12,u35,0.10909090909090909
inter,beh,edu,u12,u44,0.10909090909090909
inter,beh,edu,u12,u45,0.10909090909090909
inter,beh,edu,u12,u47,0.10909090909090909
inter,beh,edu,u12,u58,0.10909090909090909
inter,beh,edu,u13,u13,1.0
inter,beh,edu,u13,u17,0.1181818181818182
inter,beh,edu,u13,u25,0.1181818181818182
inter,beh,edu,u13,u27,0.1181818181818182
inter,beh,edu,u13,u31,0.1181818181818182
inter,beh,edu,u13,u32,0.1181818181818182
inter,beh,edu,u13,u34,0.1181818181818182
inter,beh,edu,u13,u35,0.1181818181818182
inter,beh,edu,u13,u44,0.1181818181818182
inter,beh,edu,u13,u45,0.1181818181818182
inter,beh,edu,u13,u58,0.1181818181818182
inter,beh,edu,u14,u14,1.0
inter,beh,edu,u14,u23,0.1181818181818182
inter,beh,edu,u14,u24,0.1181818181818182
inter,beh,edu,u14,u25,0.1181818181818182
inter,beh,edu,u14,u27,0.1181818181818182
inter,beh,edu,u14,u31,0.1181818181818182
inter,beh,edu,u14,u35,0.1181818181818182
inter,beh,edu,u14,u43,0.1181818181818182
inter,beh,edu,u14,u44,0.1181818181818182
inter,beh,edu,u14,u58,0.1181818181818182
inter,beh,edu,u14,u59,0.1181818181818182
inter,beh,edu,u15,u15,1.0
inter,beh,edu,u15,u19,0.18181818181818182
inter,beh,edu,u15,u20,0.18181818181818182
inter,beh,edu,u15,u22,0.18181818181818182
inter,beh,edu,u15,u23,0.18181818181818182
inter,beh,edu,u15,u24,0.18181818181818182
inter,beh,edu,u15,u25,0.18181818181818182
inter,beh,edu,u15,u27,0.18181818181818182
inter,beh,edu,u15,u31,0.18181818181818182
inter,beh,edu,u15,u58,0.18181818181818182
inter,beh,edu,u15,u59,0.18181818181818182
inter,beh,edu,u16,u16,1.0
inter,beh,edu,u16,u22,0.14545454545454545
inter,beh,edu,u16,u23,0.14545454545454545
inter,beh,edu,u16,u24,0.14545454545454545
inter,beh,edu,u16,u25,0.14545454545454545
inter,beh,edu,u16,u27,0.14545454545454545
inter,beh,edu,u16,u31,0.14545454545454545
inter,beh,edu,u16,u43,0.14545454545454545
inter,beh,edu,u16,u44,0.14545454545454545
inter,beh,edu,u16,u58,0.14545454545454545
inter,beh,edu,u16,u59,0.14545454545454545
inter,beh,edu,u17,u17,1.0
inter,beh,edu,u17,u18,0.14545454545454545
inter,beh,edu,u17,u19,0.14545454545454545
inter,beh,edu,u17,u20,0.14545454545454545
inter,beh,edu,u17,u22,0.14545454545454545
inter,beh,edu,u17,u23,0.14545454545454545
inter,beh,edu,u17,u24,0.14545454545454545
inter,beh,edu,u17,u27,0.14545454545454545
inter,beh,edu,u17,u44,0.14545454545454545
inter,beh,edu,u17,u46,0.14545454545454545
inter,beh,edu,u17,u59,0.14545454545454545
inter,beh,edu,u18,u18,1.0
inter,beh,edu,u18,u25,0.10909090909090909
inter,beh,edu,u18,u27,0.10909090909090909
inter,beh,edu,u18,u31,0.10909090909090909
inter,beh,edu,u18,u34,0.10909090909090909
inter,beh,edu,u18,u35,0.10909090909090909
inter,beh,edu,u18,u45,0.10909090909090909
inter,beh,edu,u18,u46,0.10909090909090909
inter,beh,edu,u18,u47,0.10909090909090909
inter,beh,edu,u18,u52,0.10909090909090909
inter,beh,edu,u18,u58,0.10909090909090909
inter,beh,edu,u19,u19,1.0
inter,beh,edu,u19,u23,0.05454545454545454
inter,beh,edu,u19,u25,0.05454545454545454
inter,beh,edu,u19,u27,0.05454545454545454
inter,beh,edu,u19,u31,0.05454545454545454
inter,beh,edu,u19,u32,0.05454545454545454
inter,beh,edu,u19,u34,0.05454545454545454
inter,beh,edu,u19,u50,0.05454545454545454
inter,beh,edu,u19,u51,0.05454545454545454
inter,beh,edu,u19,u58,0.05454545454545454
inter,beh,edu,u19,u59,0.05454545454545454
inter,beh,edu,u20,u20,1.0
inter,beh,edu,u20,u22,0.1636363636363636
inter,beh,edu,u20,u23,0.1636363636363636
inter,beh,edu,u20,u25,0.1636363636363636
inter,beh,edu,u20,u31,0.1636363636363636
inter,beh,edu,u20,u43,0.1636363636363636
inter,beh,edu,u20,u44,0.1636363636363636
inter,beh,edu,u20,u45,0.1636363636363636
inter,beh,edu,u20,u46,0.1636363636363636
inter,beh,edu,u20,u58,0.1636363636363636
inter,beh,edu,u20,u59,0.1636363636363636
inter,beh,edu,u22,u22,1.0
inter,beh,edu,u22,u27,0.0818181818181818
inter,beh,edu,u22,u31,0.0818181818181818
inter,beh,edu,u22,u35,0.0818181818181818
inter,beh,edu,u22,u44,0.0818181818181818
inter,beh,edu,u22,u45,0.0818181818181818
inter,beh,edu,u22,u46,0.0818181818181818
inter,beh,edu,u22,u47,0.0818181818181818
inter,beh,edu,u22,u49,0.0818181818181818
inter,beh,edu,u22,u58,0.0818181818181818
inter,beh,edu,u22,u59,0.0818181818181818
inter,beh,edu,u23,u23,1.0
inter,beh,edu,u23,u30,0.0818181818181818
inter,beh,edu,u23,u32,0.0818181818181818
inter,beh,edu,u23,u43,0.0818181818181818
inter,beh,edu,u23,u44,0.0818181818181818
inter,beh,edu,u23,u46,0.0818181818181818
inter,beh,edu,u23,u47,0.0818181818181818
inter,beh,edu,u23,u49,0.0818181818181818
inter,beh,edu,u23,u52,0.0818181818181818
inter,beh,edu,u23,u53,0.0818181818181818
inter,beh,edu,u23,u57,0.0818181818181818
inter,beh,edu,u24,u16,0.15454545454545454
inter,beh,edu,u24,u17,0.15454545454545454
inter,beh,edu,u24,u23,0.15454545454545454
inter,beh,edu,u24,u24,1.0
inter,beh,edu,u24,u25,0.15454545454545454
inter,beh,edu,u24,u31,0.15454545454545454
inter,beh,edu,u24,u35,0.15454545454545454
inter,beh,edu,u24,u44,0.15454545454545454
inter,beh,edu,u24,u45,0.15454545454545454
inter,beh,edu,u24,u46,0.15454545454545454
inter,beh,edu,u24,u47,0.15454545454545454
inter,beh,edu,u25,u25,1.0
inter,beh,edu,u25,u30,0.1
inter,beh,edu,u25,u31,0.1
inter,beh,edu,u25,u41,0.1
inter,beh,edu,u25,u43,0.1
inter,beh,edu,u25,u44,0.1
inter,beh,edu,u25,u46,0.1
inter,beh,edu,u25,u49,0.1
inter,beh,edu,u25,u52,0.1
inter,beh,edu,u25,u53,0.1
inter,beh,edu,u25,u57,0.1
inter,beh,edu,u27,u25,0.1
inter,beh,edu,u27,u27,1.0
inter,beh,edu,u27,u30,0.1
inter,beh,edu,u27,u31,0.1
inter,beh,edu,u27,u44,0.1
inter,beh,edu,u27,u46,0.1
inter,beh,edu,u27,u49,0.1
inter,beh,edu,u27,u50,0.1
inter,beh,edu,u27,u52,0.1
inter,beh,edu,u27,u53,0.1
inter,beh,edu,u27,u57,0.1
inter,beh,edu,u30,u12,0.2
inter,beh,edu,u30,u23,0.2
inter,beh,edu,u30,u25,0.2
inter,beh,edu,u30,u27,0.2
inter,beh,edu,u30,u30,1.0
inter,beh,edu,u30,u31,0.2
inter,beh,edu,u30,u35,0.2
inter,beh,edu,u30,u42,0.2
inter,beh,edu,u30,u43,0.2
inter,beh,edu,u30,u52,0.2
inter,beh,edu,u30,u58,0.2
inter,beh,edu,u31,u23,0.03636363636363636
inter,beh,edu,u31,u24,0.03636363636363636
inter,beh,edu,u31,u25,0.03636363636363636
inter,beh,edu,u31,u27,0.03636363636363636
inter,beh,edu,u31,u30,0.03636363636363636
inter,beh,edu,u31,u31,1.0
inter,beh,edu,u31,u32,0.03636363636363636
inter,beh,edu,u31,u34,0.03636363636363636
inter,beh,edu,u31,u52,0.03636363636363636
inter,beh,edu,u31,u53,0.03636363636363636
inter,beh,edu,u31,u58,0.03636363636363636
inter,beh,edu,u32,u12,0.21818181818181817
inter,beh,edu,u32,u13,0.21818181818181817
inter,beh,edu,u32,u19,0.21818181818181817
inter,beh,edu,u32,u23,0.21818181818181817
inter,beh,edu,u32,u31,0.21818181818181817
inter,beh,edu,u32,u32,1.0
inter,beh,edu,u32,u46,0.21818181818181817
inter,beh,edu,u32,u49,0.21818181818181817
inter,beh,edu,u32,u50,0.21818181818181817
inter,beh,edu,u32,u58,0.21818181818181817
inter,beh,edu,u32,u59,0.21818181818181817
inter,beh,edu,u33,u33,1.0
inter,beh,edu,u34,u12,0.21818181818181817
inter,beh,edu,u34,u13,0.21818181818181817
inter,beh,edu,u34,u18,0.21818181818181817
inter,beh,edu,u34,u19,0.21818181818181817
inter,beh,edu,u34,u24,0.21818181818181817
inter,beh,edu,u34,u31,0.21818181818181817
inter,beh,edu,u34,u34,1.0
inter,beh,edu,u34,u43,0.21818181818181817
inter,beh,edu,u34,u46,0.21818181818181817
inter,beh,edu,u34,u49,0.21818181818181817
inter,beh,edu,u34,u59,0.21818181818181817
inter,beh,edu,u35,u24,0.14545454545454545
inter,beh,edu,u35,u30,0.14545454545454545
inter,beh,edu,u35,u31,0.14545454545454545
inter,beh,edu,u35,u35,1.0
inter,beh,edu,u35,u43,0.14545454545454545
inter,beh,edu,u35,u44,0.14545454545454545
inter,beh,edu,u35,u46,0.14545454545454545
inter,beh,edu,u35,u49,0.14545454545454545
inter,beh,edu,u35,u52,0.14545454545454545
inter,beh,edu,u35,u53,0.14545454545454545
inter,beh,edu,u35,u57,0.14545454545454545
inter,beh,edu,u36,u20,0.07272727272727272
inter,beh,edu,u36,u22,0.07272727272727272
inter,beh,edu,u36,u23,0.07272727272727272
inter,beh,edu,u36,u25,0.07272727272727272
inter,beh,edu,u36,u27,0.07272727272727272
inter,beh,edu,u36,u31,0.07272727272727272
inter,beh,edu,u36,u32,0.07272727272727272
inter,beh,edu,u36,u34,0.07272727272727272
inter,beh,edu,u36,u36,1.0
inter,beh,edu,u36,u53,0.07272727272727272
inter,beh,edu,u36,u58,0.07272727272727272
inter,beh,edu,u39,u30,0.09090909090909091
inter,beh,edu,u39,u31,0.09090909090909091
inter,beh,edu,u39,u39,1.0
inter,beh,edu,u39,u43,0.09090909090909091
inter,beh,edu,u39,u44,0.09090909090909091
inter,beh,edu,u39,u46,0.09090909090909091
inter,beh,edu,u39,u47,0.09090909090909091
inter,beh,edu,u39,u49,0.09090909090909091
inter,beh,edu,u39,u52,0.09090909090909091
inter,beh,edu,u39,u53,0.09090909090909091
inter,beh,edu,u39,u57,0.09090909090909091
inter,beh,edu,u41,u02,0.3
inter,beh,edu,u41,u19,0.3
inter,beh,edu,u41,u25,0.3
inter,beh,edu,u41,u31,0.3
inter,beh,edu,u41,u41,1.0
inter,beh,edu,u41,u46,0.3
inter,beh,edu,u41,u49,0.3
inter,beh,edu,u41,u52,0.3
inter,beh,edu,u41,u54,0.2930232558139535
inter,beh,edu,u41,u57,0.3
inter,beh,edu,u41,u58,0.2909090909090909
inter,beh,edu,u42,u22,0.17272727272727273
inter,beh,edu,u42,u24,0.17272727272727273
inter,beh,edu,u42,u30,0.17272727272727273
inter,beh,edu,u42,u31,0.17272727272727273
inter,beh,edu,u42,u42,1.0
inter,beh,edu,u42,u43,0.17272727272727273
inter,beh,edu,u42,u46,0.17272727272727273
inter,beh,edu,u42,u49,0.17272727272727273
inter,beh,edu,u42,u52,0.17272727272727273
inter,beh,edu,u42,u53,0.17272727272727273
inter,beh,edu,u42,u57,0.17272727272727273
inter,beh,edu,u43,u22,0.09090909090909091
inter,beh,edu,u43,u23,0.09090909090909091
inter,beh,edu,u43,u24,0.09090909090909091
inter,beh,edu,u43,u25,0.09090909090909091
inter,beh,edu,u43,u30,0.09090909090909091
inter,beh,edu,u43,u31,0.09090909090909091
inter,beh,edu,u43,u34,0.09090909090909091
inter,beh,edu,u43,u35,0.09090909090909091
inter,beh,edu,u43,u43,1.0
inter,beh,edu,u43,u44,0.09090909090909091
inter,beh,edu,u43,u58,0.09090909090909091
inter,beh,edu,u44,u20,0.07272727272727272
inter,beh,edu,u44,u22,0.07272727272727272
inter,beh,edu,u44,u23,0.07272727272727272
inter,beh,edu,u44,u24,0.07272727272727272
inter,beh,edu,u44,u25,0.07272727272727272
inter,beh,edu,u44,u27,0.07272727272727272
inter,beh,edu,u44,u31,0.07272727272727272
inter,beh,edu,u44,u44,1.0
inter,beh,edu,u44,u51,0.07272727272727272
inter,beh,edu,u44,u58,0.07272727272727272
inter,beh,edu,u44,u59,0.07272727272727272
inter,beh,edu,u45,u18,0.17272727272727273
inter,beh,edu,u45,u19,0.17272727272727273
inter,beh,edu,u45,u20,0.17272727272727273
inter,beh,edu,u45,u22,0.17272727272727273
inter,beh,edu,u45,u24,0.17272727272727273
inter,beh,edu,u45,u31,0.17272727272727273
inter,beh,edu,u45,u43,0.17272727272727273
inter,beh,edu,u45,u45,1.0
inter,beh,edu,u45,u49,0.17272727272727273
inter,beh,edu,u45,u52,0.17272727272727273
inter,beh,edu,u45,u59,0.17272727272727273
inter,beh,edu,u46,u22,0.05454545454545454
inter,beh,edu,u46,u23,0.05454545454545454
inter,beh,edu,u46,u24,0.05454545454545454
inter,beh,edu,u46,u25,0.05454545454545454
inter,beh,edu,u46,u27,0.05454545454545454
inter,beh,edu,u46,u30,0.05454545454545454
inter,beh,edu,u46,u32,0.05454545454545454
inter,beh,edu,u46,u35,0.05454545454545454
inter,beh,edu,u46,u46,1.0
inter,beh,edu,u46,u51,0.05454545454545454
inter,beh,edu,u46,u58,0.05454545454545454
inter,beh,edu,u47,u23,0.12727272727272726
inter,beh,edu,u47,u24,0.12727272727272726
inter,beh,edu,u47,u30,0.12727272727272726
inter,beh,edu,u47,u31,0.12727272727272726
inter,beh,edu,u47,u44,0.12727272727272726
inter,beh,edu,u47,u46,0.12727272727272726
inter,beh,edu,u47,u47,1.0
inter,beh,edu,u47,u49,0.12727272727272726
inter,beh,edu,u47,u52,0.12727272727272726
inter,beh,edu,u47,u53,0.12727272727272726
inter,beh,edu,u47,u57,0.12727272727272726
inter,beh,edu,u49,u23,0.03636363636363636
inter,beh,edu,u49,u25,0.03636363636363636
inter,beh,edu,u49,u27,0.03636363636363636
inter,beh,edu,u49,u30,0.03636363636363636
inter,beh,edu,u49,u31,0.03636363636363636
inter,beh,edu,u49,u32,0.03636363636363636
inter,beh,edu,u49,u34,0.03636363636363636
inter,beh,edu,u49,u49,1.0
inter,beh,edu,u49,u52,0.03636363636363636
inter,beh,edu,u49,u53,0.03636363636363636
inter,beh,edu,u49,u58,0.03636363636363636
inter,beh,edu,u50,u16,0.1636363636363636
inter,beh,edu,u50,u18,0.1636363636363636
inter,beh,edu,u50,u19,0.1636363636363636
inter,beh,edu,u50,u22,0.1636363636363636
inter,beh,edu,u50,u27,0.1636363636363636
inter,beh,edu,u50,u30,0.1636363636363636
inter,beh,edu,u50,u31,0.1636363636363636
inter,beh,edu,u50,u32,0.1636363636363636
inter,beh,edu,u50,u44,0.1636363636363636
inter,beh,edu,u50,u49,0.1636363636363636
inter,beh,edu,u50,u50,1.0
inter,beh,edu,u51,u08,0.22727272727272727
inter,beh,edu,u51,u10,0.22727272727272727
inter,beh,edu,u51,u13,0.22727272727272727
inter,beh,edu,u51,u18,0.22727272727272727
inter,beh,edu,u51,u19,0.22727272727272727
inter,beh,edu,u51,u22,0.22727272727272727
inter,beh,edu,u51,u31,0.22727272727272727
inter,beh,edu,u51,u44,0.22727272727272727
inter,beh,edu,u51,u46,0.22727272727272727
inter,beh,edu,u51,u49,0.22727272727272727
inter,beh,edu,u51,u51,1.0
inter,beh,edu,u52,u52,1.0
inter,beh,edu,u53,u27,0.0818181818181818
inter,beh,edu,u53,u31,0.0818181818181818
inter,beh,edu,u53,u32,0.0818181818181818
inter,beh,edu,u53,u34,0.0818181818181818
inter,beh,edu,u53,u35,0.0818181818181818
inter,beh,edu,u53,u45,0.0818181818181818
inter,beh,edu,u53,u46,0.0818181818181818
inter,beh,edu,u53,u47,0.0818181818181818
inter,beh,edu,u53,u53,1.0
inter,beh,edu,u53,u58,0.0818181818181818
inter,beh,edu,u53,u59,0.0818181818181818
inter,beh,edu,u54,u54,1.0
inter,beh,edu,u56,u22,0.05454545454545454
inter,beh,edu,u56,u23,0.05454545454545454
inter,beh,edu,u56,u25,0.05454545454545454
inter,beh,edu,u56,u27,0.05454545454545454
inter,beh,edu,u56,u31,0.05454545454545454
inter,beh,edu,u56,u32,0.05454545454545454
inter,beh,edu,u56,u34,0.05454545454545454
inter,beh,edu,u56,u52,0.05454545454545454
inter,beh,edu,u56,u53,0.05454545454545454
inter,beh,edu,u56,u56,1.0
inter,beh,edu,u56,u58,0.05454545454545454
inter,beh,edu,u57,u57,1.0
inter,beh,edu,u58,u30,0.1
inter,beh,edu,u58,u31,0.1
inter,beh,edu,u58,u32,0.1
inter,beh,edu,u58,u43,0.1
inter,beh,edu,u58,u44,0.1
inter,beh,edu,u58,u46,0.1
inter,beh,edu,u58,u49,0.1
inter,beh,edu,u58,u52,0.1
inter,beh,edu,u58,u53,0.1
inter,beh,edu,u58,u57,0.1
inter,beh,edu,u58,u58,1.0
inter,beh,edu,u59,u22,0.13636363636363638
inter,beh,edu,u59,u23,0.13636363636363638
inter,beh,edu,u59,u25,0.13636363636363638
inter,beh,edu,u59,u27,0.13636363636363638
inter,beh,edu,u59,u32,0.13636363636363638
inter,beh,edu,u59,u34,0.13636363636363638
inter,beh,edu,u59,u42,0.13636363636363638
inter,beh,edu,u59,u43,0.13636363636363638
inter,beh,edu,u59,u52,0.13636363636363638
inter,beh,edu,u59,u58,0.13636363636363638
inter,beh,edu,u59,u59,1.0
