layer,source,target,weight
phy,phy:u01,phy:u02,0.2545454545454545
phy,phy:u01,phy:u04,0.3090909090909091
phy,phy:u01,phy:u05,0.10909090909090909
phy,phy:u01,phy:u07,0.21818181818181817
phy,phy:u01,phy:u08,0.07272727272727272
phy,phy:u01,phy:u09,0.16363636363636364
phy,phy:u01,phy:u10,0.18181818181818182
phy,phy:u01,phy:u14,0.03636363636363636
phy,phy:u01,phy:u15,0.23636363636363636
phy,phy:u01,phy:u16,0.05454545454545454
phy,phy:u01,phy:u18,0.14545454545454545
phy,phy:u01,phy:u19,0.05454545454545454
phy,phy:u01,phy:u22,0.09090909090909091
phy,phy:u01,phy:u24,0.14545454545454545
phy,phy:u01,phy:u25,0.3090909090909091
phy,phy:u01,phy:u27,0.12727272727272726
phy,phy:u01,phy:u30,0.32727272727272727
phy,phy:u01,phy:u33,0.09090909090909091
phy,phy:u01,phy:u43,0.10909090909090909
phy,phy:u01,phy:u46,0.14545454545454545
phy,phy:u01,phy:u49,0.18181818181818182
phy,phy:u01,phy:u54,0.14545454545454545
phy,phy:u01,phy:u57,0.12727272727272726
phy,phy:u01,phy:u59,0.23636363636363636
phy,phy:u02,phy:u01,0.2545454545454545
phy,phy:u02,phy:u04,0.8363636363636363
phy,phy:u02,phy:u05,0.23636363636363636
phy,phy:u02,phy:u07,0.2545454545454545
phy,phy:u02,phy:u08,0.10909090909090909
phy,phy:u02,phy:u09,0.4
phy,phy:u02,phy:u10,0.18181818181818182
phy,phy:u02,phy:u14,0.18181818181818182
phy,phy:u02,phy:u15,0.2727272727272727
phy,phy:u02,phy:u16,0.5818181818181818
phy,phy:u02,phy:u18,0.2
phy,phy:u02,phy:u19,0.2727272727272727
phy,phy:u02,phy:u20,0.01818181818181818
phy,phy:u02,phy:u22,0.32727272727272727
phy,phy:u02,phy:u24,0.2909090909090909
phy,phy:u02,phy:u25,0.09090909090909091
phy,phy:u02,phy:u27,0.2727272727272727
phy,phy:u02,phy:u30,0.41818181818181815
phy,phy:u02,phy:u32,0.2545454545454545
phy,phy:u02,phy:u33,0.21818181818181817
phy,phy:u02,phy:u43,0.2545454545454545
phy,phy:u02,phy:u46,0.5272727272727272
phy,phy:u02,phy:u49,0.10909090909090909
phy,phy:u02,phy:u54,0.2545454545454545
phy,phy:u02,phy:u57,0.8909090909090909
phy,phy:u02,phy:u59,0.41818181818181815
phy,phy:u04,phy:u01,0.3090909090909091
phy,phy:u04,phy:u02,0.8363636363636363
phy,phy:u04,phy:u05,0.5818181818181818
phy,phy:u04,phy:u07,0.23636363636363636
phy,phy:u04,phy:u08,0.23636363636363636
phy,phy:u04,phy:u09,0.509090909090909
phy,phy:u04,phy:u10,0.34545454545454546
phy,phy:u04,phy:u12,0.01818181818181818
phy,phy:u04,phy:u14,0.10909090909090909
phy,phy:u04,phy:u15,0.5454545454545454
phy,phy:u04,phy:u16,0.7090909090909091
phy,phy:u04,phy:u18,0.18181818181818182
phy,phy:u04,phy:u19,0.4727272727272727
phy,phy:u04,phy:u22,0.3090909090909091
phy,phy:u04,phy:u24,0.32727272727272727
phy,phy:u04,phy:u25,0.2909090909090909
phy,phy:u04,phy:u27,0.3090909090909091
phy,phy:u04,phy:u30,1.0
phy,phy:u04,phy:u32,0.18181818181818182
phy,phy:u04,phy:u33,0.23636363636363636
phy,phy:u04,phy:u43,0.21818181818181817
phy,phy:u04,phy:u46,0.4909090909090909
phy,phy:u04,phy:u47,0.10909090909090909
phy,phy:u04,phy:u49,0.14545454545454545
phy,phy:u04,phy:u54,0.23636363636363636
phy,phy:u04,phy:u57,0.6181818181818182
phy,phy:u04,phy:u59,0.2909090909090909
phy,phy:u05,phy:u01,0.10909090909090909
phy,phy:u05,phy:u02,0.23636363636363636
phy,phy:u05,phy:u04,0.5818181818181818
phy,phy:u05,phy:u07,0.14545454545454545
phy,phy:u05,phy:u08,0.21818181818181817
phy,phy:u05,phy:u09,0.18181818181818182
phy,phy:u05,phy:u10,0.07272727272727272
phy,phy:u05,phy:u12,0.01818181818181818
phy,phy:u05,phy:u14,0.2545454545454545
phy,phy:u05,phy:u15,0.21818181818181817
phy,phy:u05,phy:u16,0.21818181818181817
phy,phy:u05,phy:u18,0.01818181818181818
phy,phy:u05,phy:u19,0.34545454545454546
phy,phy:u05,phy:u22,0.03636363636363636
phy,phy:u05,phy:u24,0.14545454545454545
phy,phy:u05,phy:u25,0.10909090909090909
phy,phy:u05,phy:u27,0.10909090909090909
phy,phy:u05,phy:u30,0.6363636363636364
phy,phy:u05,phy:u32,0.2545454545454545
phy,phy:u05,phy:u33,0.05454545454545454
phy,phy:u05,phy:u43,0.09090909090909091
phy,phy:u05,phy:u46,0.23636363636363636
phy,phy:u05,phy:u49,0.10909090909090909
phy,phy:u05,phy:u54,0.23636363636363636
phy,phy:u05,phy:u57,0.2545454545454545
phy,phy:u05,phy:u59,0.14545454545454545
phy,phy:u07,phy:u01,0.21818181818181817
phy,phy:u07,phy:u02,0.2545454545454545
phy,phy:u07,phy:u04,0.23636363636363636
phy,phy:u07,phy:u05,0.14545454545454545
phy,phy:u07,phy:u08,0.05454545454545454
phy,phy:u07,phy:u09,0.23636363636363636
phy,phy:u07,phy:u10,0.2909090909090909
phy,phy:u07,phy:u14,0.14545454545454545
phy,phy:u07,phy:u15,0.23636363636363636
phy,phy:u07,phy:u16,0.2
phy,phy:u07,phy:u18,0.10909090909090909
phy,phy:u07,phy:u19,0.05454545454545454
phy,phy:u07,phy:u22,0.2727272727272727
phy,phy:u07,phy:u24,0.18181818181818182
phy,phy:u07,phy:u25,0.3090909090909091
phy,phy:u07,phy:u27,0.10909090909090909
phy,phy:u07,phy:u30,0.5454545454545454
phy,phy:u07,phy:u32,0.09090909090909091
phy,phy:u07,phy:u33,0.4
phy,phy:u07,phy:u43,0.21818181818181817
phy,phy:u07,phy:u46,0.21818181818181817
phy,phy:u07,phy:u49,0.03636363636363636
phy,phy:u07,phy:u54,0.14545454545454545
phy,phy:u07,phy:u57,0.6545454545454545
phy,phy:u07,phy:u59,0.2545454545454545
phy,phy:u08,phy:u01,0.07272727272727272
phy,phy:u08,phy:u02,0.10909090909090909
phy,phy:u08,phy:u04,0.23636363636363636
phy,phy:u08,phy:u05,0.21818181818181817
phy,phy:u08,phy:u07,0.05454545454545454
phy,phy:u08,phy:u09,0.16363636363636364
phy,phy:u08,phy:u10,0.16363636363636364
phy,phy:u08,phy:u14,0.14545454545454545
phy,phy:u08,phy:u15,0.18181818181818182
phy,phy:u08,phy:u16,0.09090909090909091
phy,phy:u08,phy:u18,0.10909090909090909
phy,phy:u08,phy:u19,0.14545454545454545
phy,phy:u08,phy:u22,0.05454545454545454
phy,phy:u08,phy:u24,0.05454545454545454
phy,phy:u08,phy:u25,0.07272727272727272
phy,phy:u08,phy:u27,0.10909090909090909
phy,phy:u08,phy:u30,0.16363636363636364
phy,phy:u08,phy:u32,0.05454545454545454
phy,phy:u08,phy:u33,0.09090909090909091
phy,phy:u08,phy:u43,0.01818181818181818
phy,phy:u08,phy:u46,0.21818181818181817
phy,phy:u08,phy:u49,0.03636363636363636
phy,phy:u08,phy:u54,0.2
phy,phy:u08,phy:u57,0.05454545454545454
phy,phy:u08,phy:u59,0.12727272727272726
phy,phy:u09,phy:u01,0.16363636363636364
phy,phy:u09,phy:u02,0.4
phy,phy:u09,phy:u04,0.509090909090909
phy,phy:u09,phy:u05,0.18181818181818182
phy,phy:u09,phy:u07,0.23636363636363636
phy,phy:u09,phy:u08,0.16363636363636364
phy,phy:u09,phy:u10,0.10909090909090909
phy,phy:u09,phy:u12,0.05454545454545454
phy,phy:u09,phy:u14,0.23636363636363636
phy,phy:u09,phy:u15,0.32727272727272727
phy,phy:u09,phy:u16,0.7636363636363637
phy,phy:u09,phy:u18,0.2727272727272727
phy,phy:u09,phy:u19,0.6
phy,phy:u09,phy:u22,0.18181818181818182
phy,phy:u09,phy:u24,0.4909090909090909
phy,phy:u09,phy:u25,0.2909090909090909
phy,phy:u09,phy:u27,0.38181818181818183
phy,phy:u09,phy:u30,0.6363636363636364
phy,phy:u09,phy:u32,0.14545454545454545
phy,phy:u09,phy:u33,0.05454545454545454
phy,phy:u09,phy:u43,0.32727272727272727
phy,phy:u09,phy:u46,0.2545454545454545
phy,phy:u09,phy:u47,0.01818181818181818
phy,phy:u09,phy:u49,0.03636363636363636
phy,phy:u09,phy:u54,0.16363636363636364
phy,phy:u09,phy:u57,0.6727272727272727
phy,phy:u09,phy:u59,0.38181818181818183
phy,phy:u10,phy:u01,0.18181818181818182
phy,phy:u10,phy:u02,0.18181818181818182
phy,phy:u10,phy:u04,0.34545454545454546
phy,phy:u10,phy:u05,0.07272727272727272
phy,phy:u10,phy:u07,0.2909090909090909
phy,phy:u10,phy:u08,0.16363636363636364
phy,phy:u10,phy:u09,0.10909090909090909
phy,phy:u10,phy:u12,0.34545454545454546
phy,phy:u10,phy:u14,0.14545454545454545
phy,phy:u10,phy:u15,0.01818181818181818
phy,phy:u10,phy:u16,0.10909090909090909
phy,phy:u10,phy:u18,0.07272727272727272
phy,phy:u10,phy:u19,0.05454545454545454
phy,phy:u10,phy:u22,0.10909090909090909
phy,phy:u10,phy:u24,0.07272727272727272
phy,phy:u10,phy:u25,0.4
phy,phy:u10,phy:u27,0.2545454545454545
phy,phy:u10,phy:u30,0.21818181818181817
phy,phy:u10,phy:u32,0.01818181818181818
phy,phy:u10,phy:u33,0.41818181818181815
phy,phy:u10,phy:u43,0.21818181818181817
phy,phy:u10,phy:u46,0.21818181818181817
phy,phy:u10,phy:u47,0.01818181818181818
phy,phy:u10,phy:u49,0.2727272727272727
phy,phy:u10,phy:u54,0.03636363636363636
phy,phy:u10,phy:u57,0.2727272727272727
phy,phy:u10,phy:u59,0.16363636363636364
phy,phy:u12,phy:u04,0.01818181818181818
phy,phy:u12,phy:u05,0.01818181818181818
phy,phy:u12,phy:u09,0.05454545454545454
phy,phy:u12,phy:u10,0.34545454545454546
phy,phy:u12,phy:u16,0.05454545454545454
phy,phy:u12,phy:u18,0.05454545454545454
phy,phy:u12,phy:u19,0.03636363636363636
phy,phy:u12,phy:u22,0.07272727272727272
phy,phy:u12,phy:u25,0.01818181818181818
phy,phy:u12,phy:u30,0.07272727272727272
phy,phy:u12,phy:u43,0.05454545454545454
phy,phy:u12,phy:u46,0.01818181818181818
phy,phy:u12,phy:u49,0.01818181818181818
phy,phy:u12,phy:u54,0.03636363636363636
phy,phy:u12,phy:u59,0.07272727272727272
phy,phy:u14,phy:u01,0.03636363636363636
phy,phy:u14,phy:u02,0.18181818181818182
phy,phy:u14,phy:u04,0.10909090909090909
phy,phy:u14,phy:u05,0.2545454545454545
phy,phy:u14,phy:u07,0.14545454545454545
phy,phy:u14,phy:u08,0.14545454545454545
phy,phy:u14,phy:u09,0.23636363636363636
phy,phy:u14,phy:u10,0.14545454545454545
phy,phy:u14,phy:u15,0.01818181818181818
phy,phy:u14,phy:u16,0.10909090909090909
phy,phy:u14,phy:u18,0.10909090909090909
phy,phy:u14,phy:u19,0.14545454545454545
phy,phy:u14,phy:u22,0.01818181818181818
phy,phy:u14,phy:u24,0.05454545454545454
phy,phy:u14,phy:u25,0.07272727272727272
phy,phy:u14,phy:u27,0.09090909090909091
phy,phy:u14,phy:u30,0.36363636363636365
phy,phy:u14,phy:u32,0.09090909090909091
phy,phy:u14,phy:u33,0.07272727272727272
phy,phy:u14,phy:u46,0.18181818181818182
phy,phy:u14,phy:u49,0.09090909090909091
phy,phy:u14,phy:u54,0.16363636363636364
phy,phy:u14,phy:u57,0.01818181818181818
phy,phy:u14,phy:u59,0.14545454545454545
phy,phy:u15,phy:u01,0.23636363636363636
phy,phy:u15,phy:u02,0.2727272727272727
phy,phy:u15,phy:u04,0.5454545454545454
phy,phy:u15,phy:u05,0.21818181818181817
phy,phy:u15,phy:u07,0.23636363636363636
phy,phy:u15,phy:u08,0.18181818181818182
phy,phy:u15,phy:u09,0.32727272727272727
phy,phy:u15,phy:u10,0.01818181818181818
phy,phy:u15,phy:u14,0.01818181818181818
phy,phy:u15,phy:u16,0.6
phy,phy:u15,phy:u18,0.2
phy,phy:u15,phy:u19,0.09090909090909091
phy,phy:u15,phy:u22,0.4
phy,phy:u15,phy:u24,0.38181818181818183
phy,phy:u15,phy:u25,0.09090909090909091
phy,phy:u15,phy:u27,0.14545454545454545
phy,phy:u15,phy:u30,0.41818181818181815
phy,phy:u15,phy:u32,0.07272727272727272
phy,phy:u15,phy:u33,0.05454545454545454
phy,phy:u15,phy:u43,0.509090909090909
phy,phy:u15,phy:u46,0.34545454545454546
phy,phy:u15,phy:u47,0.01818181818181818
phy,phy:u15,phy:u49,0.43636363636363634
phy,phy:u15,phy:u54,0.2
phy,phy:u15,phy:u57,0.34545454545454546
phy,phy:u15,phy:u59,0.5454545454545454
phy,phy:u16,phy:u01,0.05454545454545454
phy,phy:u16,phy:u02,0.5818181818181818
phy,phy:u16,phy:u04,0.7090909090909091
phy,phy:u16,phy:u05,0.21818181818181817
phy,phy:u16,phy:u07,0.2
phy,phy:u16,phy:u08,0.09090909090909091
phy,phy:u16,phy:u09,0.7636363636363637
phy,phy:u16,phy:u10,0.10909090909090909
phy,phy:u16,phy:u12,0.05454545454545454
phy,phy:u16,phy:u14,0.10909090909090909
phy,phy:u16,phy:u15,0.6
phy,phy:u16,phy:u18,0.16363636363636364
phy,phy:u16,phy:u19,0.16363636363636364
phy,phy:u16,phy:u22,0.23636363636363636
phy,phy:u16,phy:u24,0.2545454545454545
phy,phy:u16,phy:u25,0.10909090909090909
phy,phy:u16,phy:u27,0.09090909090909091
phy,phy:u16,phy:u30,0.5636363636363636
phy,phy:u16,phy:u32,0.21818181818181817
phy,phy:u16,phy:u33,0.09090909090909091
phy,phy:u16,phy:u43,0.3090909090909091
phy,phy:u16,phy:u46,0.12727272727272726
phy,phy:u16,phy:u49,0.18181818181818182
phy,phy:u16,phy:u54,0.18181818181818182
phy,phy:u16,phy:u57,0.7636363636363637
phy,phy:u16,phy:u59,0.4909090909090909
phy,phy:u18,phy:u01,0.14545454545454545
phy,phy:u18,phy:u02,0.2
phy,phy:u18,phy:u04,0.18181818181818182
phy,phy:u18,phy:u05,0.01818181818181818
phy,phy:u18,phy:u07,0.10909090909090909
phy,phy:u18,phy:u08,0.10909090909090909
phy,phy:u18,phy:u09,0.2727272727272727
phy,phy:u18,phy:u10,0.07272727272727272
phy,phy:u18,phy:u12,0.05454545454545454
phy,phy:u18,phy:u14,0.10909090909090909
phy,phy:u18,phy:u15,0.2
phy,phy:u18,phy:u16,0.16363636363636364
phy,phy:u18,phy:u19,0.18181818181818182
phy,phy:u18,phy:u22,0.05454545454545454
phy,phy:u18,phy:u24,0.18181818181818182
phy,phy:u18,phy:u25,0.07272727272727272
phy,phy:u18,phy:u27,0.21818181818181817
phy,phy:u18,phy:u30,0.21818181818181817
phy,phy:u18,phy:u32,0.09090909090909091
phy,phy:u18,phy:u43,0.07272727272727272
phy,phy:u18,phy:u46,0.03636363636363636
phy,phy:u18,phy:u47,0.03636363636363636
phy,phy:u18,phy:u49,0.07272727272727272
phy,phy:u18,phy:u54,0.14545454545454545
phy,phy:u18,phy:u57,0.18181818181818182
phy,phy:u18,phy:u59,0.18181818181818182
phy,phy:u19,phy:u01,0.05454545454545454
phy,phy:u19,phy:u02,0.2727272727272727
phy,phy:u19,phy:u04,0.4727272727272727
phy,phy:u19,phy:u05,0.34545454545454546
phy,phy:u19,phy:u07,0.05454545454545454
phy,phy:u19,phy:u08,0.14545454545454545
phy,phy:u19,phy:u09,0.6
phy,phy:u19,phy:u10,0.05454545454545454
phy,phy:u19,phy:u12,0.03636363636363636
phy,phy:u19,phy:u14,0.14545454545454545
phy,phy:u19,phy:u15,0.09090909090909091
phy,phy:u19,phy:u16,0.16363636363636364
phy,phy:u19,phy:u18,0.18181818181818182
phy,phy:u19,phy:u22,0.01818181818181818
phy,phy:u19,phy:u24,0.10909090909090909
phy,phy:u19,phy:u25,0.10909090909090909
phy,phy:u19,phy:u27,0.2
phy,phy:u19,phy:u30,0.5636363636363636
phy,phy:u19,phy:u32,0.16363636363636364
phy,phy:u19,phy:u33,0.05454545454545454
phy,phy:u19,phy:u46,0.07272727272727272
phy,phy:u19,phy:u49,0.2727272727272727
phy,phy:u19,phy:u54,0.09090909090909091
phy,phy:u19,phy:u57,0.21818181818181817
phy,phy:u19,phy:u59,0.14545454545454545
phy,phy:u20,phy:u02,0.01818181818181818
phy,phy:u22,phy:u01,0.09090909090909091
phy,phy:u22,phy:u02,0.32727272727272727
phy,phy:u22,phy:u04,0.3090909090909091
phy,phy:u22,phy:u05,0.03636363636363636
phy,phy:u22,phy:u07,0.2727272727272727
phy,phy:u22,phy:u08,0.05454545454545454
phy,phy:u22,phy:u09,0.18181818181818182
phy,phy:u22,phy:u10,0.10909090909090909
phy,phy:u22,phy:u12,0.07272727272727272
phy,phy:u22,phy:u14,0.01818181818181818
phy,phy:u22,phy:u15,0.4
phy,phy:u22,phy:u16,0.23636363636363636
phy,phy:u22,phy:u18,0.05454545454545454
phy,phy:u22,phy:u19,0.01818181818181818
phy,phy:u22,phy:u24,0.2727272727272727
phy,phy:u22,phy:u25,0.07272727272727272
phy,phy:u22,phy:u27,0.05454545454545454
phy,phy:u22,phy:u30,0.18181818181818182
phy,phy:u22,phy:u32,0.05454545454545454
phy,phy:u22,phy:u33,0.01818181818181818
phy,phy:u22,phy:u43,0.4
phy,phy:u22,phy:u46,0.18181818181818182
phy,phy:u22,phy:u49,0.2
phy,phy:u22,phy:u54,0.12727272727272726
phy,phy:u22,phy:u57,0.38181818181818183
phy,phy:u22,phy:u59,0.34545454545454546
phy,phy:u24,phy:u01,0.14545454545454545
phy,phy:u24,phy:u02,0.2909090909090909
phy,phy:u24,phy:u04,0.32727272727272727
phy,phy:u24,phy:u05,0.14545454545454545
phy,phy:u24,phy:u07,0.18181818181818182
phy,phy:u24,phy:u08,0.05454545454545454
phy,phy:u24,phy:u09,0.4909090909090909
phy,phy:u24,phy:u10,0.07272727272727272
phy,phy:u24,phy:u14,0.05454545454545454
phy,phy:u24,phy:u15,0.38181818181818183
phy,phy:u24,phy:u16,0.2545454545454545
phy,phy:u24,phy:u18,0.18181818181818182
phy,phy:u24,phy:u19,0.10909090909090909
phy,phy:u24,phy:u22,0.2727272727272727
phy,phy:u24,phy:u25,0.18181818181818182
phy,phy:u24,phy:u27,0.4
phy,phy:u24,phy:u30,0.34545454545454546
phy,phy:u24,phy:u32,0.09090909090909091
phy,phy:u24,phy:u33,0.05454545454545454
phy,phy:u24,phy:u43,0.3090909090909091
phy,phy:u24,phy:u46,0.2
phy,phy:u24,phy:u49,0.01818181818181818
phy,phy:u24,phy:u54,0.16363636363636364
phy,phy:u24,phy:u57,0.2545454545454545
phy,phy:u24,phy:u59,0.21818181818181817
phy,phy:u25,phy:u01,0.3090909090909091
phy,phy:u25,phy:u02,0.09090909090909091
phy,phy:u25,phy:u04,0.2909090909090909
phy,phy:u25,phy:u05,0.10909090909090909
phy,phy:u25,phy:u07,0.3090909090909091
phy,phy:u25,phy:u08,0.07272727272727272
phy,phy:u25,phy:u09,0.2909090909090909
phy,phy:u25,phy:u10,0.4
phy,phy:u25,phy:u12,0.01818181818181818
phy,phy:u25,phy:u14,0.07272727272727272
phy,phy:u25,phy:u15,0.09090909090909091
phy,phy:u25,phy:u16,0.10909090909090909
phy,phy:u25,phy:u18,0.07272727272727272
phy,phy:u25,phy:u19,0.10909090909090909
phy,phy:u25,phy:u22,0.07272727272727272
phy,phy:u25,phy:u24,0.18181818181818182
phy,phy:u25,phy:u27,0.32727272727272727
phy,phy:u25,phy:u30,0.8181818181818182
phy,phy:u25,phy:u33,0.34545454545454546
phy,phy:u25,phy:u43,0.01818181818181818
phy,phy:u25,phy:u46,0.2
phy,phy:u25,phy:u49,0.16363636363636364
phy,phy:u25,phy:u54,0.07272727272727272
phy,phy:u25,phy:u57,0.16363636363636364
phy,phy:u25,phy:u59,0.2545454545454545
phy,phy:u27,phy:u01,0.12727272727272726
phy,phy:u27,phy:u02,0.2727272727272727
phy,phy:u27,phy:u04,0.3090909090909091
phy,phy:u27,phy:u05,0.10909090909090909
phy,phy:u27,phy:u07,0.10909090909090909
phy,phy:u27,phy:u08,0.10909090909090909
phy,phy:u27,phy:u09,0.38181818181818183
phy,phy:u27,phy:u10,0.2545454545454545
phy,phy:u27,phy:u14,0.09090909090909091
phy,phy:u27,phy:u15,0.14545454545454545
phy,phy:u27,phy:u16,0.09090909090909091
phy,phy:u27,phy:u18,0.21818181818181817
phy,phy:u27,phy:u19,0.2
phy,phy:u27,phy:u22,0.05454545454545454
phy,phy:u27,phy:u24,0.4
phy,phy:u27,phy:u25,0.32727272727272727
phy,phy:u27,phy:u30,0.2545454545454545
phy,phy:u27,phy:u32,0.03636363636363636
phy,phy:u27,phy:u33,0.14545454545454545
phy,phy:u27,phy:u43,0.03636363636363636
phy,phy:u27,phy:u46,0.4727272727272727
phy,phy:u27,phy:u47,0.01818181818181818
phy,phy:u27,phy:u49,0.05454545454545454
phy,phy:u27,phy:u54,0.16363636363636364
phy,phy:u27,phy:u57,0.2909090909090909
phy,phy:u27,phy:u59,0.18181818181818182
phy,phy:u30,phy:u01,0.32727272727272727
phy,phy:u30,phy:u02,0.41818181818181815
phy,phy:u30,phy:u04,1.0
phy,phy:u30,phy:u05,0.6363636363636364
phy,phy:u30,phy:u07,0.5454545454545454
phy,phy:u30,phy:u08,0.16363636363636364
phy,phy:u30,phy:u09,0.6363636363636364
phy,phy:u30,phy:u10,0.21818181818181817
phy,phy:u30,phy:u12,0.07272727272727272
phy,phy:u30,phy:u14,0.36363636363636365
phy,phy:u30,phy:u15,0.41818181818181815
phy,phy:u30,phy:u16,0.5636363636363636
phy,phy:u30,phy:u18,0.21818181818181817
phy,phy:u30,phy:u19,0.5636363636363636
phy,phy:u30,phy:u22,0.18181818181818182
phy,phy:u30,phy:u24,0.34545454545454546
phy,phy:u30,phy:u25,0.8181818181818182
phy,phy:u30,phy:u27,0.2545454545454545
phy,phy:u30,phy:u32,0.16363636363636364
phy,phy:u30,phy:u33,0.36363636363636365
phy,phy:u30,phy:u43,0.23636363636363636
phy,phy:u30,phy:u46,0.3090909090909091
phy,phy:u30,phy:u47,0.01818181818181818
phy,phy:u30,phy:u49,0.36363636363636365
phy,phy:u30,phy:u54,0.43636363636363634
phy,phy:u30,phy:u57,0.45454545454545453
phy,phy:u30,phy:u59,0.34545454545454546
phy,phy:u32,phy:u02,0.2545454545454545
phy,phy:u32,phy:u04,0.18181818181818182
phy,phy:u32,phy:u05,0.2545454545454545
phy,phy:u32,phy:u07,0.09090909090909091
phy,phy:u32,phy:u08,0.05454545454545454
phy,phy:u32,phy:u09,0.14545454545454545
phy,phy:u32,phy:u10,0.01818181818181818
phy,phy:u32,phy:u14,0.09090909090909091
phy,phy:u32,phy:u15,0.07272727272727272
phy,phy:u32,phy:u16,0.21818181818181817
phy,phy:u32,phy:u18,0.09090909090909091
phy,phy:u32,phy:u19,0.16363636363636364
phy,phy:u32,phy:u22,0.05454545454545454
phy,phy:u32,phy:u24,0.09090909090909091
phy,phy:u32,phy:u27,0.03636363636363636
phy,phy:u32,phy:u30,0.16363636363636364
phy,phy:u32,phy:u33,0.01818181818181818
phy,phy:u32,phy:u43,0.10909090909090909
phy,phy:u32,phy:u46,0.14545454545454545
phy,phy:u32,phy:u49,0.05454545454545454
phy,phy:u32,phy:u54,0.05454545454545454
phy,phy:u32,phy:u57,0.18181818181818182
phy,phy:u32,phy:u59,0.18181818181818182
phy,phy:u33,phy:u01,0.09090909090909091
phy,phy:u33,phy:u02,0.21818181818181817
phy,phy:u33,phy:u04,0.23636363636363636
phy,phy:u33,phy:u05,0.05454545454545454
phy,phy:u33,phy:u07,0.4
phy,phy:u33,phy:u08,0.09090909090909091
phy,phy:u33,phy:u09,0.05454545454545454
phy,phy:u33,phy:u10,0.41818181818181815
phy,phy:u33,phy:u14,0.07272727272727272
phy,phy:u33,phy:u15,0.05454545454545454
phy,phy:u33,phy:u16,0.09090909090909091
phy,phy:u33,phy:u19,0.05454545454545454
phy,phy:u33,phy:u22,0.01818181818181818
phy,phy:u33,phy:u24,0.05454545454545454
phy,phy:u33,phy:u25,0.34545454545454546
phy,phy:u33,phy:u27,0.14545454545454545
phy,phy:u33,phy:u30,0.36363636363636365
phy,phy:u33,phy:u32,0.01818181818181818
phy,phy:u33,phy:u46,0.21818181818181817
phy,phy:u33,phy:u49,0.21818181818181817
phy,phy:u33,phy:u57,0.14545454545454545
phy,phy:u33,phy:u59,0.05454545454545454
phy,phy:u36,phy:u59,0.01818181818181818
phy,phy:u43,phy:u01,0.10909090909090909
phy,phy:u43,phy:u02,0.2545454545454545
phy,phy:u43,phy:u04,0.21818181818181817
phy,phy:u43,phy:u05,0.09090909090909091
phy,phy:u43,phy:u07,0.21818181818181817
phy,phy:u43,phy:u08,0.01818181818181818
phy,phy:u43,phy:u09,0.32727272727272727
phy,phy:u43,phy:u10,0.21818181818181817
phy,phy:u43,phy:u12,0.05454545454545454
phy,phy:u43,phy:u15,0.509090909090909
phy,phy:u43,phy:u16,0.3090909090909091
phy,phy:u43,phy:u18,0.07272727272727272
phy,phy:u43,phy:u22,0.4
phy,phy:u43,phy:u24,0.3090909090909091
phy,phy:u43,phy:u25,0.01818181818181818
phy,phy:u43,phy:u27,0.03636363636363636
phy,phy:u43,phy:u30,0.23636363636363636
phy,phy:u43,phy:u32,0.10909090909090909
phy,phy:u43,phy:u46,0.18181818181818182
phy,phy:u43,phy:u47,0.01818181818181818
phy,phy:u43,phy:u49,0.2909090909090909
phy,phy:u43,phy:u54,0.10909090909090909
phy,phy:u43,phy:u57,0.3090909090909091
phy,phy:u43,phy:u59,0.509090909090909
phy,phy:u46,phy:u01,0.14545454545454545
phy,phy:u46,phy:u02,0.5272727272727272
phy,phy:u46,phy:u04,0.4909090909090909
phy,phy:u46,phy:u05,0.23636363636363636
phy,phy:u46,phy:u07,0.21818181818181817
phy,phy:u46,phy:u08,0.21818181818181817
phy,phy:u46,phy:u09,0.2545454545454545
phy,phy:u46,phy:u10,0.21818181818181817
phy,phy:u46,phy:u12,0.01818181818181818
phy,phy:u46,phy:u14,0.18181818181818182
phy,phy:u46,phy:u15,0.34545454545454546
phy,phy:u46,phy:u16,0.12727272727272726
phy,phy:u46,phy:u18,0.03636363636363636
phy,phy:u46,phy:u19,0.07272727272727272
phy,phy:u46,phy:u22,0.18181818181818182
phy,phy:u46,phy:u24,0.2
phy,phy:u46,phy:u25,0.2
phy,phy:u46,phy:u27,0.4727272727272727
phy,phy:u46,phy:u30,0.3090909090909091
phy,phy:u46,phy:u32,0.14545454545454545
phy,phy:u46,phy:u33,0.21818181818181817
phy,phy:u46,phy:u43,0.18181818181818182
phy,phy:u46,phy:u49,0.32727272727272727
phy,phy:u46,phy:u54,0.16363636363636364
phy,phy:u46,phy:u57,0.2727272727272727
phy,phy:u46,phy:u59,0.32727272727272727
phy,phy:u47,phy:u04,0.10909090909090909
phy,phy:u47,phy:u09,0.01818181818181818
phy,phy:u47,phy:u10,0.01818181818181818
phy,phy:u47,phy:u15,0.01818181818181818
phy,phy:u47,phy:u18,0.03636363636363636
phy,phy:u47,phy:u27,0.01818181818181818
phy,phy:u47,phy:u30,0.01818181818181818
phy,phy:u47,phy:u43,0.01818181818181818
phy,phy:u47,phy:u59,0.03636363636363636
phy,phy:u49,phy:u01,0.18181818181818182
phy,phy:u49,phy:u02,0.10909090909090909
phy,phy:u49,phy:u04,0.14545454545454545
phy,phy:u49,phy:u05,0.10909090909090909
phy,phy:u49,phy:u07,0.03636363636363636
phy,phy:u49,phy:u08,0.03636363636363636
phy,phy:u49,phy:u09,0.03636363636363636
phy,phy:u49,phy:u10,0.2727272727272727
phy,phy:u49,phy:u12,0.01818181818181818
phy,phy:u49,phy:u14,0.09090909090909091
phy,phy:u49,phy:u15,0.43636363636363634
phy,phy:u49,phy:u16,0.18181818181818182
phy,phy:u49,phy:u18,0.07272727272727272
phy,phy:u49,phy:u19,0.2727272727272727
phy,phy:u49,phy:u22,0.2
phy,phy:u49,phy:u24,0.01818181818181818
phy,phy:u49,phy:u25,0.16363636363636364
phy,phy:u49,phy:u27,0.05454545454545454
phy,phy:u49,phy:u30,0.36363636363636365
phy,phy:u49,phy:u32,0.05454545454545454
phy,phy:u49,phy:u33,0.21818181818181817
phy,phy:u49,phy:u43,0.2909090909090909
phy,phy:u49,phy:u46,0.32727272727272727
phy,phy:u49,phy:u54,0.09090909090909091
phy,phy:u49,phy:u57,0.2
phy,phy:u49,phy:u59,0.45454545454545453
phy,phy:u54,phy:u01,0.14545454545454545
phy,phy:u54,phy:u02,0.2545454545454545
phy,phy:u54,phy:u04,0.23636363636363636
phy,phy:u54,phy:u05,0.23636363636363636
phy,phy:u54,phy:u07,0.14545454545454545
phy,phy:u54,phy:u08,0.2
phy,phy:u54,phy:u09,0.16363636363636364
phy,phy:u54,phy:u10,0.03636363636363636
phy,phy:u54,phy:u12,0.03636363636363636
phy,phy:u54,phy:u14,0.16363636363636364
phy,phy:u54,phy:u15,0.2
phy,phy:u54,phy:u16,0.18181818181818182
phy,phy:u54,phy:u18,0.14545454545454545
phy,phy:u54,phy:u19,0.09090909090909091
phy,phy:u54,phy:u22,0.12727272727272726
phy,phy:u54,phy:u24,0.16363636363636364
phy,phy:u54,phy:u25,0.07272727272727272
phy,phy:u54,phy:u27,0.16363636363636364
phy,phy:u54,phy:u30,0.43636363636363634
phy,phy:u54,phy:u32,0.05454545454545454
phy,phy:u54,phy:u43,0.10909090909090909
phy,phy:u54,phy:u46,0.16363636363636364
phy,phy:u54,phy:u49,0.09090909090909091
phy,phy:u54,phy:u57,0.16363636363636364
phy,phy:u54,phy:u59,0.2
phy,phy:u57,phy:u01,0.12727272727272726
phy,phy:u57,phy:u02,0.8909090909090909
phy,phy:u57,phy:u04,0.6181818181818182
phy,phy:u57,phy:u05,0.2545454545454545
phy,phy:u57,phy:u07,0.6545454545454545
phy,phy:u57,phy:u08,0.05454545454545454
phy,phy:u57,phy:u09,0.6727272727272727
phy,phy:u57,phy:u10,0.2727272727272727
phy,phy:u57,phy:u14,0.01818181818181818
phy,phy:u57,phy:u15,0.34545454545454546
phy,phy:u57,phy:u16,0.7636363636363637
phy,phy:u57,phy:u18,0.18181818181818182
phy,phy:u57,phy:u19,0.21818181818181817
phy,phy:u57,phy:u22,0.38181818181818183
phy,phy:u57,phy:u24,0.2545454545454545
phy,phy:u57,phy:u25,0.16363636363636364
phy,phy:u57,phy:u27,0.2909090909090909
phy,phy:u57,phy:u30,0.45454545454545453
phy,phy:u57,phy:u32,0.18181818181818182
phy,phy:u57,phy:u33,0.14545454545454545
phy,phy:u57,phy:u43,0.3090909090909091
phy,phy:u57,phy:u46,0.2727272727272727
phy,phy:u57,phy:u49,0.2
phy,phy:u57,phy:u54,0.16363636363636364
phy,phy:u57,phy:u59,0.36363636363636365
phy,phy:u59,phy:u01,0.23636363636363636
phy,phy:u59,phy:u02,0.41818181818181815
phy,phy:u59,phy:u04,0.2909090909090909
phy,phy:u59,phy:u05,0.14545454545454545
phy,phy:u59,phy:u07,0.2545454545454545
phy,phy:u59,phy:u08,0.12727272727272726
phy,phy:u59,phy:u09,0.38181818181818183
phy,phy:u59,phy:u10,0.16363636363636364
phy,phy:u59,phy:u12,0.07272727272727272
phy,phy:u59,phy:u14,0.14545454545454545
phy,phy:u59,phy:u15,0.5454545454545454
phy,phy:u59,phy:u16,0.4909090909090909
phy,phy:u59,phy:u18,0.18181818181818182
phy,phy:u59,phy:u19,0.14545454545454545
phy,phy:u59,phy:u22,0.34545454545454546
phy,phy:u59,phy:u24,0.21818181818181817
phy,phy:u59,phy:u25,0.2545454545454545
phy,phy:u59,phy:u27,0.18181818181818182
phy,phy:u59,phy:u30,0.34545454545454546
phy,phy:u59,phy:u32,0.18181818181818182
phy,phy:u59,phy:u33,0.05454545454545454
phy,phy:u59,phy:u36,0.01818181818181818
phy,phy:u59,phy:u43,0.509090909090909
phy,phy:u59,phy:u46,0.32727272727272727
phy,phy:u59,phy:u47,0.03636363636363636
phy,phy:u59,phy:u49,0.45454545454545453
phy,phy:u59,phy:u54,0.2
phy,phy:u59,phy:u57,0.36363636363636365
beh,beh:u00,beh:u02,0.6246360292445883
beh,beh:u00,beh:u04,0.3684124787777643
beh,beh:u00,beh:u08,0.4667513355661857
beh,beh:u00,beh:u12,0.7083444209810587
beh,beh:u00,beh:u13,0.5885453889052281
beh,beh:u00,beh:u24,0.5236346925576335
beh,beh:u00,beh:u30,0.34680221607124134
beh,beh:u00,beh:u50,0.5038436433118265
beh,beh:u00,beh:u51,0.4120237027789877
beh,beh:u00,beh:u59,0.3513630866546309
beh,beh:u01,beh:u04,0.4932126352078966
beh,beh:u01,beh:u05,0.5088488345342194
beh,beh:u01,beh:u09,0.5812691487572731
beh,beh:u01,beh:u15,0.5518386312138294
beh,beh:u01,beh:u16,0.473681920853061
beh,beh:u01,beh:u17,0.48918859609742044
beh,beh:u01,beh:u32,0.5838566035434741
beh,beh:u01,beh:u34,0.5991296350469073
beh,beh:u01,beh:u41,0.5071814492965884
beh,beh:u01,beh:u42,0.47086407282215964
beh,beh:u02,beh:u00,0.6246360292445883
beh,beh:u02,beh:u08,0.22959126332976837
beh,beh:u02,beh:u12,0.6288409005829608
beh,beh:u02,beh:u13,0.38239528526789435
beh,beh:u02,beh:u15,0.1460577343180886
beh,beh:u02,beh:u24,0.30573623625798196
beh,beh:u02,beh:u31,0.19039427978300758
beh,beh:u02,beh:u44,0.14944174719865144
beh,beh:u02,beh:u46,0.29063001111500897
beh,beh:u02,beh:u50,0.2859106787247472
beh,beh:u02,beh:u59,0.24978842070636406
beh,beh:u03,beh:u04,0.6392331960106858
beh,beh:u03,beh:u05,0.6305314498739912
beh,beh:u03,beh:u09,0.5958986776719504
beh,beh:u03,beh:u10,0.696206494744437
beh,beh:u03,beh:u15,0.6952952701944785
beh,beh:u03,beh:u16,0.5591621374007378
beh,beh:u03,beh:u20,0.6622502112241082
beh,beh:u03,beh:u30,0.5542160669288064
beh,beh:u03,beh:u41,0.8067111184223016
beh,beh:u03,beh:u51,0.5945768427758734
beh,beh:u04,beh:u00,0.3684124787777643
beh,beh:u04,beh:u01,0.4932126352078966
beh,beh:u04,beh:u03,0.6392331960106858
beh,beh:u04,beh:u05,0.5819406906699467
beh,beh:u04,beh:u09,0.5763896025515111
beh,beh:u04,beh:u10,0.5320142479596945
beh,beh:u04,beh:u14,0.4969220938749363
beh,beh:u04,beh:u15,0.7409492304457806
beh,beh:u04,beh:u17,0.723769772978706
beh,beh:u04,beh:u30,0.5648944306498058
beh,beh:u04,beh:u32,0.7328180281855816
beh,beh:u04,beh:u34,0.7222946179792116
beh,beh:u04,beh:u41,0.7146872470362738
beh,beh:u05,beh:u01,0.5088488345342194
beh,beh:u05,beh:u03,0.6305314498739912
beh,beh:u05,beh:u04,0.5819406906699467
beh,beh:u05,beh:u09,0.640277019026771
beh,beh:u05,beh:u15,0.6828040993425029
beh,beh:u05,beh:u16,0.5050781605973661
beh,beh:u05,beh:u32,0.6100305620212378
beh,beh:u05,beh:u34,0.685901505260022
beh,beh:u05,beh:u35,0.6390043983181204
beh,beh:u05,beh:u41,0.6469474664042075
beh,beh:u05,beh:u42,0.6720060708802271
beh,beh:u05,beh:u45,0.572263377950415
beh,beh:u05,beh:u51,0.5483890497973218
beh,beh:u07,beh:u09,0.5410020655742838
beh,beh:u07,beh:u14,0.3441832393400291
beh,beh:u07,beh:u15,0.4082832222705715
beh,beh:u07,beh:u16,0.46519698141337706
beh,beh:u07,beh:u17,0.3344760263950691
beh,beh:u07,beh:u20,0.46792506453711785
beh,beh:u07,beh:u32,0.4097780506271539
beh,beh:u07,beh:u34,0.3893268290668221
beh,beh:u07,beh:u41,0.464976317879491
beh,beh:u07,beh:u43,0.41711172325583445
beh,beh:u08,beh:u00,0.4667513355661857
beh,beh:u08,beh:u02,0.22959126332976837
beh,beh:u08,beh:u10,0.26913735605619005
beh,beh:u08,beh:u12,0.6002703915271561
beh,beh:u08,beh:u13,0.37583393920203007
beh,beh:u08,beh:u24,0.5892624714754094
beh,beh:u08,beh:u30,0.13423076499617842
beh,beh:u08,beh:u41,0.2263941918122959
beh,beh:u08,beh:u46,0.2872346467853058
beh,beh:u08,beh:u49,0.293892391544939
beh,beh:u08,beh:u56,0.2052107209011799
beh,beh:u08,beh:u59,0.4070267802487516
beh,beh:u09,beh:u01,0.5812691487572731
beh,beh:u09,beh:u03,0.5958986776719504
beh,beh:u09,beh:u04,0.5763896025515111
beh,beh:u09,beh:u05,0.640277019026771
beh,beh:u09,beh:u07,0.5410020655742838
beh,beh:u09,beh:u15,0.5996438483750177
beh,beh:u09,beh:u16,0.5668752131112627
beh,beh:u09,beh:u32,0.7131511356548095
beh,beh:u09,beh:u34,0.5620314194877768
beh,beh:u09,beh:u41,0.5352862501854881
beh,beh:u09,beh:u42,0.5628224801133417
beh,beh:u09,beh:u43,0.593608539920813
beh,beh:u09,beh:u45,0.5112850465940613
beh,beh:u09,beh:u47,0.5768846590586937
beh,beh:u09,beh:u51,0.5528177661303195
beh,beh:u10,beh:u03,0.696206494744437
beh,beh:u10,beh:u04,0.5320142479596945
beh,beh:u10,beh:u08,0.26913735605619005
beh,beh:u10,beh:u14,0.38149050305099935
beh,beh:u10,beh:u15,0.32845769004469993
beh,beh:u10,beh:u17,0.36194367454657517
beh,beh:u10,beh:u20,0.47229050584632615
beh,beh:u10,beh:u24,0.6402438691961403
beh,beh:u10,beh:u30,0.4732005794796065
beh,beh:u10,beh:u36,0.3630835760644792
beh,beh:u10,beh:u41,0.5752696248101588
beh,beh:u10,beh:u49,0.3336611392263557
beh,beh:u10,beh:u59,0.3152050656329834
beh,beh:u12,beh:u00,0.7083444209810587
beh,beh:u12,beh:u02,0.6288409005829608
beh,beh:u12,beh:u08,0.6002703915271561
beh,beh:u12,beh:u13,0.6113971870124535
beh,beh:u12,beh:u15,0.19915000135206457
beh,beh:u12,beh:u18,0.19061840711552663
beh,beh:u12,beh:u24,0.47778817992035805
beh,beh:u12,beh:u31,0.24239381003062338
beh,beh:u12,beh:u41,0.27290758847101787
beh,beh:u12,beh:u46,0.34560538222965753
beh,beh:u12,beh:u50,0.24691967774970158
beh,beh:u12,beh:u51,0.16933814975017847
beh,beh:u12,beh:u59,0.4049756166955088
beh,beh:u13,beh:u00,0.5885453889052281
beh,beh:u13,beh:u02,0.38239528526789435
beh,beh:u13,beh:u08,0.37583393920203007
beh,beh:u13,beh:u12,0.6113971870124535
beh,beh:u13,beh:u15,0.1258757553239668
beh,beh:u13,beh:u18,0.24720884602496151
beh,beh:u13,beh:u20,0.18524718469541646
beh,beh:u13,beh:u22,0.29426267583110666
beh,beh:u13,beh:u24,0.4524633404535656
beh,beh:u13,beh:u30,0.16585386041701525
beh,beh:u13,beh:u41,0.1623923007852086
beh,beh:u13,beh:u50,0.35839791179091623
beh,beh:u13,beh:u53,0.22898884176229975
beh,beh:u13,beh:u59,0.19551057856520065
beh,beh:u14,beh:u04,0.4969220938749363
beh,beh:u14,beh:u07,0.3441832393400291
beh,beh:u14,beh:u10,0.38149050305099935
beh,beh:u14,beh:u15,0.5423720699375885
beh,beh:u14,beh:u16,0.5387739046955946
beh,beh:u14,beh:u17,0.425880654840229
beh,beh:u14,beh:u20,0.44662188187828755
beh,beh:u14,beh:u30,0.4399804384324624
beh,beh:u14,beh:u32,0.44200873398892965
beh,beh:u14,beh:u34,0.37261262448654725
beh,beh:u14,beh:u41,0.5602031886763219
beh,beh:u14,beh:u45,0.276772063463747
beh,beh:u14,beh:u51,0.3111459417943223
beh,beh:u15,beh:u01,0.5518386312138294
beh,beh:u15,beh:u02,0.1460577343180886
beh,beh:u15,beh:u03,0.6952952701944785
beh,beh:u15,beh:u04,0.7409492304457806
beh,beh:u15,beh:u05,0.6828040993425029
beh,beh:u15,beh:u07,0.4082832222705715
beh,beh:u15,beh:u09,0.5996438483750177
beh,beh:u15,beh:u10,0.32845769004469993
beh,beh:u15,beh:u12,0.19915000135206457
beh,beh:u15,beh:u13,0.1258757553239668
beh,beh:u15,beh:u14,0.5423720699375885
beh,beh:u15,beh:u16,0.573988007552871
beh,beh:u15,beh:u17,0.7466783237605674
beh,beh:u15,beh:u30,0.5474040526248544
beh,beh:u15,beh:u32,0.698237782856224
beh,beh:u15,beh:u34,0.8053246803743692
beh,beh:u15,beh:u35,0.6522118228743139
beh,beh:u15,beh:u41,0.7087005777692477
beh,beh:u15,beh:u42,0.701871677605588
beh,beh:u15,beh:u45,0.6024486220833732
beh,beh:u15,beh:u51,0.5128100514881847
beh,beh:u16,beh:u01,0.473681920853061
beh,beh:u16,beh:u03,0.5591621374007378
beh,beh:u16,beh:u05,0.5050781605973661
beh,beh:u16,beh:u07,0.46519698141337706
beh,beh:u16,beh:u09,0.5668752131112627
beh,beh:u16,beh:u14,0.5387739046955946
beh,beh:u16,beh:u15,0.573988007552871
beh,beh:u16,beh:u17,0.4751239540137869
beh,beh:u16,beh:u20,0.3948744340796345
beh,beh:u16,beh:u30,0.453635137816995
beh,beh:u16,beh:u32,0.5620493254115055
beh,beh:u16,beh:u34,0.5235896901558386
beh,beh:u16,beh:u35,0.5242411618511881
beh,beh:u16,beh:u41,0.6163918757199367
beh,beh:u16,beh:u42,0.5299879269491065
beh,beh:u16,beh:u45,0.46922223549964204
beh,beh:u16,beh:u51,0.5526565963644664
beh,beh:u17,beh:u01,0.48918859609742044
beh,beh:u17,beh:u04,0.723769772978706
beh,beh:u17,beh:u07,0.3344760263950691
beh,beh:u17,beh:u10,0.36194367454657517
beh,beh:u17,beh:u14,0.425880654840229
beh,beh:u17,beh:u15,0.7466783237605674
beh,beh:u17,beh:u16,0.4751239540137869
beh,beh:u17,beh:u25,0.32423002270719686
beh,beh:u17,beh:u30,0.5399267017309045
beh,beh:u17,beh:u32,0.5283230888977498
beh,beh:u17,beh:u34,0.6662850888605675
beh,beh:u17,beh:u35,0.44483938962680714
beh,beh:u17,beh:u41,0.6785862658021965
beh,beh:u17,beh:u42,0.5171885016345761
beh,beh:u17,beh:u45,0.5041719694472667
beh,beh:u17,beh:u47,0.3742918930112009
beh,beh:u17,beh:u51,0.4809249549271192
beh,beh:u18,beh:u12,0.19061840711552663
beh,beh:u18,beh:u13,0.24720884602496151
beh,beh:u18,beh:u19,0.0534780526620381
beh,beh:u18,beh:u20,0.2097442396656694
beh,beh:u18,beh:u22,0.20140726464807554
beh,beh:u18,beh:u24,0.3378086399391327
beh,beh:u18,beh:u30,0.3176044204894825
beh,beh:u18,beh:u32,0.05385959711592357
beh,beh:u18,beh:u41,0.13253553119382652
beh,beh:u18,beh:u44,0.03962440943178395
beh,beh:u18,beh:u53,0.32314169714199614
beh,beh:u18,beh:u59,0.0004776187647754273
beh,beh:u19,beh:u18,0.0534780526620381
beh,beh:u19,beh:u20,0.09221417518071404
beh,beh:u19,beh:u22,0.043524139875009485
beh,beh:u19,beh:u24,0.15438473799582414
beh,beh:u19,beh:u30,0.13965466422074027
beh,beh:u19,beh:u43,0.15807762018770816
beh,beh:u20,beh:u03,0.6622502112241082
beh,beh:u20,beh:u07,0.46792506453711785
beh,beh:u20,beh:u10,0.47229050584632615
beh,beh:u20,beh:u13,0.18524718469541646
beh,beh:u20,beh:u14,0.44662188187828755
beh,beh:u20,beh:u16,0.3948744340796345
beh,beh:u20,beh:u18,0.2097442396656694
beh,beh:u20,beh:u19,0.09221417518071404
beh,beh:u20,beh:u24,0.35842220058600344
beh,beh:u20,beh:u27,0.4509073124640788
beh,beh:u20,beh:u30,0.421479729080444
beh,beh:u20,beh:u32,0.4240614524310889
beh,beh:u20,beh:u34,0.44718602047519207
beh,beh:u20,beh:u41,0.5592637409881832
beh,beh:u20,beh:u42,0.3074152313056474
beh,beh:u20,beh:u50,0.28664073744965957
beh,beh:u20,beh:u51,0.3405820517139314
beh,beh:u20,beh:u53,0.3334531335070375
beh,beh:u22,beh:u13,0.29426267583110666
beh,beh:u22,beh:u18,0.20140726464807554
beh,beh:u22,beh:u19,0.043524139875009485
beh,beh:u22,beh:u24,0.12072866775438694
beh,beh:u22,beh:u30,0.17053099394864285
beh,beh:u22,beh:u32,0.023173270486383513
beh,beh:u22,beh:u34,0.04004019943300993
beh,beh:u22,beh:u41,0.13602438651830132
beh,beh:u22,beh:u53,0.3211652555058383
beh,beh:u23,beh:u25,0.37977218596882745
beh,beh:u23,beh:u34,0.4767353400595391
beh,beh:u23,beh:u35,0.7934174545962722
beh,beh:u23,beh:u39,0.25293346201401684
beh,beh:u23,beh:u41,0.3806314974422582
beh,beh:u23,beh:u42,0.7066004199305044
beh,beh:u23,beh:u45,0.4490390538276435
beh,beh:u23,beh:u50,0.371271179338881
beh,beh:u23,beh:u51,0.5768166974600462
beh,beh:u23,beh:u58,0.4577640783258044
beh,beh:u24,beh:u00,0.5236346925576335
beh,beh:u24,beh:u02,0.30573623625798196
beh,beh:u24,beh:u08,0.5892624714754094
beh,beh:u24,beh:u10,0.6402438691961403
beh,beh:u24,beh:u12,0.47778817992035805
beh,beh:u24,beh:u13,0.4524633404535656
beh,beh:u24,beh:u18,0.3378086399391327
beh,beh:u24,beh:u19,0.15438473799582414
beh,beh:u24,beh:u20,0.35842220058600344
beh,beh:u24,beh:u22,0.12072866775438694
beh,beh:u24,beh:u30,0.21637380637707704
beh,beh:u24,beh:u32,0.202333770936087
beh,beh:u24,beh:u36,0.4061494797123845
beh,beh:u24,beh:u41,0.34617553968522313
beh,beh:u24,beh:u49,0.4122619022694074
beh,beh:u24,beh:u50,0.29736134676294496
beh,beh:u24,beh:u51,0.22875311571426635
beh,beh:u24,beh:u53,0.2567942083426978
beh,beh:u24,beh:u56,0.3558167025993985
beh,beh:u24,beh:u59,0.4581808574043173
beh,beh:u25,beh:u17,0.32423002270719686
beh,beh:u25,beh:u23,0.37977218596882745
beh,beh:u25,beh:u32,0.38796147830597755
beh,beh:u25,beh:u34,0.782758040507127
beh,beh:u25,beh:u35,0.8076545586879055
beh,beh:u25,beh:u39,0.2617139404864592
beh,beh:u25,beh:u42,0.9306765286829854
beh,beh:u25,beh:u45,0.6276503394480697
beh,beh:u25,beh:u47,0.45503449925970246
beh,beh:u25,beh:u50,0.24774845218687325
beh,beh:u25,beh:u51,0.5450703865585581
beh,beh:u25,beh:u58,0.3147129420496872
beh,beh:u27,beh:u20,0.4509073124640788
beh,beh:u27,beh:u32,0.4177575299881834
beh,beh:u27,beh:u34,0.34718668453544493
beh,beh:u27,beh:u35,0.3605287556873494
beh,beh:u27,beh:u41,0.38575215810836155
beh,beh:u27,beh:u42,0.40161395767428515
beh,beh:u27,beh:u43,0.22403609021642065
beh,beh:u27,beh:u45,0.2409051792189951
beh,beh:u27,beh:u47,0.2997740220757831
beh,beh:u27,beh:u51,0.42484633521016285
beh,beh:u27,beh:u58,0.14352302041726572
beh,beh:u30,beh:u00,0.34680221607124134
beh,beh:u30,beh:u03,0.5542160669288064
beh,beh:u30,beh:u04,0.5648944306498058
beh,beh:u30,beh:u08,0.13423076499617842
beh,beh:u30,beh:u10,0.4732005794796065
beh,beh:u30,beh:u13,0.16585386041701525
beh,beh:u30,beh:u14,0.4399804384324624
beh,beh:u30,beh:u15,0.5474040526248544
beh,beh:u30,beh:u16,0.453635137816995
beh,beh:u30,beh:u17,0.5399267017309045
beh,beh:u30,beh:u18,0.3176044204894825
beh,beh:u30,beh:u19,0.13965466422074027
beh,beh:u30,beh:u20,0.421479729080444
beh,beh:u30,beh:u22,0.17053099394864285
beh,beh:u30,beh:u24,0.21637380637707704
beh,beh:u30,beh:u32,0.2972150237085279
beh,beh:u30,beh:u34,0.3576792759148383
beh,beh:u30,beh:u36,0.115268095036832
beh,beh:u30,beh:u41,0.6162004086658457
beh,beh:u30,beh:u44,0.19484315484975379
beh,beh:u30,beh:u45,0.1393351107191849
beh,beh:u30,beh:u51,0.1883252580139212
beh,beh:u30,beh:u53,0.3074042584170927
beh,beh:u30,beh:u56,0.15623792554308896
beh,beh:u30,beh:u59,0.13377594072491178
beh,beh:u31,beh:u02,0.19039427978300758
beh,beh:u31,beh:u12,0.24239381003062338
beh,beh:u31,beh:u46,0.3176889712965295
beh,beh:u31,beh:u59,0.24865353321309497
beh,beh:u32,beh:u01,0.5838566035434741
beh,beh:u32,beh:u04,0.7328180281855816
beh,beh:u32,beh:u05,0.6100305620212378
beh,beh:u32,beh:u07,0.4097780506271539
beh,beh:u32,beh:u09,0.7131511356548095
beh,beh:u32,beh:u14,0.44200873398892965
beh,beh:u32,beh:u15,0.698237782856224
beh,beh:u32,beh:u16,0.5620493254115055
beh,beh:u32,beh:u17,0.5283230888977498
beh,beh:u32,beh:u18,0.05385959711592357
beh,beh:u32,beh:u20,0.4240614524310889
beh,beh:u32,beh:u22,0.023173270486383513
beh,beh:u32,beh:u24,0.202333770936087
beh,beh:u32,beh:u25,0.38796147830597755
beh,beh:u32,beh:u27,0.4177575299881834
beh,beh:u32,beh:u30,0.2972150237085279
beh,beh:u32,beh:u34,0.6990665428915128
beh,beh:u32,beh:u35,0.48257929088068485
beh,beh:u32,beh:u39,0.4004532364015196
beh,beh:u32,beh:u41,0.540080249546295
beh,beh:u32,beh:u42,0.5585355898525242
beh,beh:u32,beh:u43,0.4670481124382632
beh,beh:u32,beh:u44,0.3191956046597569
beh,beh:u32,beh:u45,0.46779817651530264
beh,beh:u32,beh:u47,0.5345745620076235
beh,beh:u32,beh:u51,0.4499490909768716
beh,beh:u34,beh:u01,0.5991296350469073
beh,beh:u34,beh:u04,0.7222946179792116
beh,beh:u34,beh:u05,0.685901505260022
beh,beh:u34,beh:u07,0.3893268290668221
beh,beh:u34,beh:u09,0.5620314194877768
beh,beh:u34,beh:u14,0.37261262448654725
beh,beh:u34,beh:u15,0.8053246803743692
beh,beh:u34,beh:u16,0.5235896901558386
beh,beh:u34,beh:u17,0.6662850888605675
beh,beh:u34,beh:u20,0.44718602047519207
beh,beh:u34,beh:u22,0.04004019943300993
beh,beh:u34,beh:u23,0.4767353400595391
beh,beh:u34,beh:u25,0.782758040507127
beh,beh:u34,beh:u27,0.34718668453544493
beh,beh:u34,beh:u30,0.3576792759148383
beh,beh:u34,beh:u32,0.6990665428915128
beh,beh:u34,beh:u35,0.7468675560027415
beh,beh:u34,beh:u39,0.6403623167285037
beh,beh:u34,beh:u41,0.6024581179796215
beh,beh:u34,beh:u42,0.8305714276315578
beh,beh:u34,beh:u44,0.2929373517031944
beh,beh:u34,beh:u45,0.6053471026656114
beh,beh:u34,beh:u47,0.48223864810247563
beh,beh:u34,beh:u50,0.4631416374367868
beh,beh:u34,beh:u51,0.6134000250776876
beh,beh:u34,beh:u58,0.3565547408503779
beh,beh:u35,beh:u05,0.6390043983181204
beh,beh:u35,beh:u15,0.6522118228743139
beh,beh:u35,beh:u16,0.5242411618511881
beh,beh:u35,beh:u17,0.44483938962680714
beh,beh:u35,beh:u23,0.7934174545962722
beh,beh:u35,beh:u25,0.8076545586879055
beh,beh:u35,beh:u27,0.3605287556873494
beh,beh:u35,beh:u32,0.48257929088068485
beh,beh:u35,beh:u34,0.7468675560027415
beh,beh:u35,beh:u39,0.35732804349173536
beh,beh:u35,beh:u41,0.4815551831665478
beh,beh:u35,beh:u42,1.0
beh,beh:u35,beh:u45,0.7571019805781611
beh,beh:u35,beh:u47,0.3634682341596352
beh,beh:u35,beh:u50,0.3780528074576072
beh,beh:u35,beh:u51,0.7761267676381993
beh,beh:u35,beh:u58,0.683255373704
beh,beh:u36,beh:u10,0.3630835760644792
beh,beh:u36,beh:u24,0.4061494797123845
beh,beh:u36,beh:u30,0.115268095036832
beh,beh:u36,beh:u41,0.19001366427906416
beh,beh:u36,beh:u50,0.08433078438795628
beh,beh:u36,beh:u51,0.15798962784859386
beh,beh:u36,beh:u56,0.048462939030992275
beh,beh:u36,beh:u59,0.13006080927356034
beh,beh:u39,beh:u23,0.25293346201401684
beh,beh:u39,beh:u25,0.2617139404864592
beh,beh:u39,beh:u32,0.4004532364015196
beh,beh:u39,beh:u34,0.6403623167285037
beh,beh:u39,beh:u35,0.35732804349173536
beh,beh:u39,beh:u41,0.225396122201776
beh,beh:u39,beh:u42,0.424500901300275
beh,beh:u39,beh:u45,0.23413504109126962
beh,beh:u39,beh:u50,0.16051123359716035
beh,beh:u39,beh:u51,0.055100030614494915
beh,beh:u41,beh:u01,0.5071814492965884
beh,beh:u41,beh:u03,0.8067111184223016
beh,beh:u41,beh:u04,0.7146872470362738
beh,beh:u41,beh:u05,0.6469474664042075
beh,beh:u41,beh:u07,0.464976317879491
beh,beh:u41,beh:u08,0.2263941918122959
beh,beh:u41,beh:u09,0.5352862501854881
beh,beh:u41,beh:u10,0.5752696248101588
beh,beh:u41,beh:u12,0.27290758847101787
beh,beh:u41,beh:u13,0.1623923007852086
beh,beh:u41,beh:u14,0.5602031886763219
beh,beh:u41,beh:u15,0.7087005777692477
beh,beh:u41,beh:u16,0.6163918757199367
beh,beh:u41,beh:u17,0.6785862658021965
beh,beh:u41,beh:u18,0.13253553119382652
beh,beh:u41,beh:u20,0.5592637409881832
beh,beh:u41,beh:u22,0.13602438651830132
beh,beh:u41,beh:u23,0.3806314974422582
beh,beh:u41,beh:u24,0.34617553968522313
beh,beh:u41,beh:u27,0.38575215810836155
beh,beh:u41,beh:u30,0.6162004086658457
beh,beh:u41,beh:u32,0.540080249546295
beh,beh:u41,beh:u34,0.6024581179796215
beh,beh:u41,beh:u35,0.4815551831665478
beh,beh:u41,beh:u36,0.19001366427906416
beh,beh:u41,beh:u39,0.225396122201776
beh,beh:u41,beh:u42,0.48672086433654094
beh,beh:u41,beh:u43,0.1509409736890534
beh,beh:u41,beh:u44,0.39366362527372223
beh,beh:u41,beh:u45,0.4929144341617032
beh,beh:u41,beh:u47,0.35669461590482154
beh,beh:u41,beh:u50,0.12846945931919151
beh,beh:u41,beh:u51,0.6161972155597888
beh,beh:u41,beh:u53,0.3626174700641289
beh,beh:u41,beh:u58,0.18566374719712658
beh,beh:u41,beh:u59,0.269094570522848
beh,beh:u42,beh:u01,0.47086407282215964
beh,beh:u42,beh:u05,0.6720060708802271
beh,beh:u42,beh:u09,0.5628224801133417
beh,beh:u42,beh:u15,0.701871677605588
beh,beh:u42,beh:u16,0.5299879269491065
beh,beh:u42,beh:u17,0.5171885016345761
beh,beh:u42,beh:u20,0.3074152313056474
beh,beh:u42,beh:u23,0.7066004199305044
beh,beh:u42,beh:u25,0.9306765286829854
beh,beh:u42,beh:u27,0.40161395767428515
beh,beh:u42,beh:u32,0.5585355898525242
beh,beh:u42,beh:u34,0.8305714276315578
beh,beh:u42,beh:u35,1.0
beh,beh:u42,beh:u39,0.424500901300275
beh,beh:u42,beh:u41,0.48672086433654094
beh,beh:u42,beh:u44,0.03726814749103761
beh,beh:u42,beh:u45,0.7711043646307045
beh,beh:u42,beh:u47,0.5006697615956084
beh,beh:u42,beh:u50,0.40238334103335516
beh,beh:u42,beh:u51,0.7517421649113203
beh,beh:u42,beh:u58,0.5661132250537165
beh,beh:u43,beh:u07,0.41711172325583445
beh,beh:u43,beh:u09,0.593608539920813
beh,beh:u43,beh:u19,0.15807762018770816
beh,beh:u43,beh:u27,0.22403609021642065
beh,beh:u43,beh:u32,0.4670481124382632
beh,beh:u43,beh:u41,0.1509409736890534
beh,beh:u43,beh:u47,0.1718735699459685
beh,beh:u43,beh:u50,0.04656719961323674
beh,beh:u43,beh:u51,0.06375645501297446
beh,beh:u43,beh:u53,0.12187516286426565
beh,beh:u44,beh:u02,0.14944174719865144
beh,beh:u44,beh:u18,0.03962440943178395
beh,beh:u44,beh:u30,0.19484315484975379
beh,beh:u44,beh:u32,0.3191956046597569
beh,beh:u44,beh:u34,0.2929373517031944
beh,beh:u44,beh:u41,0.39366362527372223
beh,beh:u44,beh:u42,0.03726814749103761
beh,beh:u44,beh:u53,0.4755034560850047
beh,beh:u45,beh:u05,0.572263377950415
beh,beh:u45,beh:u09,0.5112850465940613
beh,beh:u45,beh:u14,0.276772063463747
beh,beh:u45,beh:u15,0.6024486220833732
beh,beh:u45,beh:u16,0.46922223549964204
beh,beh:u45,beh:u17,0.5041719694472667
beh,beh:u45,beh:u23,0.4490390538276435
beh,beh:u45,beh:u25,0.6276503394480697
beh,beh:u45,beh:u27,0.2409051792189951
beh,beh:u45,beh:u30,0.1393351107191849
beh,beh:u45,beh:u32,0.46779817651530264
beh,beh:u45,beh:u34,0.6053471026656114
beh,beh:u45,beh:u35,0.7571019805781611
beh,beh:u45,beh:u39,0.23413504109126962
beh,beh:u45,beh:u41,0.4929144341617032
beh,beh:u45,beh:u42,0.7711043646307045
beh,beh:u45,beh:u47,0.5154030418456339
beh,beh:u45,beh:u50,0.174110374044135
beh,beh:u45,beh:u51,0.632078908619233
beh,beh:u45,beh:u58,0.3522299420270178
beh,beh:u46,beh:u02,0.29063001111500897
beh,beh:u46,beh:u08,0.2872346467853058
beh,beh:u46,beh:u12,0.34560538222965753
beh,beh:u46,beh:u31,0.3176889712965295
beh,beh:u46,beh:u50,0.03269967148806471
beh,beh:u46,beh:u59,0.18816141459605437
beh,beh:u47,beh:u09,0.5768846590586937
beh,beh:u47,beh:u17,0.3742918930112009
beh,beh:u47,beh:u25,0.45503449925970246
beh,beh:u47,beh:u27,0.2997740220757831
beh,beh:u47,beh:u32,0.5345745620076235
beh,beh:u47,beh:u34,0.48223864810247563
beh,beh:u47,beh:u35,0.3634682341596352
beh,beh:u47,beh:u41,0.35669461590482154
beh,beh:u47,beh:u42,0.5006697615956084
beh,beh:u47,beh:u43,0.1718735699459685
beh,beh:u47,beh:u45,0.5154030418456339
beh,beh:u47,beh:u50,0.13961927853938655
beh,beh:u47,beh:u51,0.5763450166797194
beh,beh:u47,beh:u56,0.09374548662895761
beh,beh:u47,beh:u58,0.09324370087077156
beh,beh:u49,beh:u08,0.293892391544939
beh,beh:u49,beh:u10,0.3336611392263557
beh,beh:u49,beh:u24,0.4122619022694074
beh,beh:u49,beh:u56,0.006282821628730481
beh,beh:u49,beh:u59,0.2444306687748378
beh,beh:u50,beh:u00,0.5038436433118265
beh,beh:u50,beh:u02,0.2859106787247472
beh,beh:u50,beh:u12,0.24691967774970158
beh,beh:u50,beh:u13,0.35839791179091623
beh,beh:u50,beh:u20,0.28664073744965957
beh,beh:u50,beh:u23,0.371271179338881
beh,beh:u50,beh:u24,0.29736134676294496
beh,beh:u50,beh:u25,0.24774845218687325
beh,beh:u50,beh:u34,0.4631416374367868
beh,beh:u50,beh:u35,0.3780528074576072
beh,beh:u50,beh:u36,0.08433078438795628
beh,beh:u50,beh:u39,0.16051123359716035
beh,beh:u50,beh:u41,0.12846945931919151
beh,beh:u50,beh:u42,0.40238334103335516
beh,beh:u50,beh:u43,0.04656719961323674
beh,beh:u50,beh:u45,0.174110374044135
beh,beh:u50,beh:u46,0.03269967148806471
beh,beh:u50,beh:u47,0.13961927853938655
beh,beh:u50,beh:u51,0.6022047414445476
beh,beh:u50,beh:u58,0.5105536130127236
beh,beh:u50,beh:u59,0.17791062430293442
beh,beh:u51,beh:u00,0.4120237027789877
beh,beh:u51,beh:u03,0.5945768427758734
beh,beh:u51,beh:u05,0.5483890497973218
beh,beh:u51,beh:u09,0.5528177661303195
beh,beh:u51,beh:u12,0.16933814975017847
beh,beh:u51,beh:u14,0.3111459417943223
beh,beh:u51,beh:u15,0.5128100514881847
beh,beh:u51,beh:u16,0.5526565963644664
beh,beh:u51,beh:u17,0.4809249549271192
beh,beh:u51,beh:u20,0.3405820517139314
beh,beh:u51,beh:u23,0.5768166974600462
beh,beh:u51,beh:u24,0.22875311571426635
beh,beh:u51,beh:u25,0.5450703865585581
beh,beh:u51,beh:u27,0.42484633521016285
beh,beh:u51,beh:u30,0.1883252580139212
beh,beh:u51,beh:u32,0.4499490909768716
beh,beh:u51,beh:u34,0.6134000250776876
beh,beh:u51,beh:u35,0.7761267676381993
beh,beh:u51,beh:u36,0.15798962784859386
beh,beh:u51,beh:u39,0.055100030614494915
beh,beh:u51,beh:u41,0.6161972155597888
beh,beh:u51,beh:u42,0.7517421649113203
beh,beh:u51,beh:u43,0.06375645501297446
beh,beh:u51,beh:u45,0.632078908619233
beh,beh:u51,beh:u47,0.5763450166797194
beh,beh:u51,beh:u50,0.6022047414445476
beh,beh:u51,beh:u58,0.6707306982471047
beh,beh:u51,beh:u59,0.21673178221416067
beh,beh:u53,beh:u13,0.22898884176229975
beh,beh:u53,beh:u18,0.32314169714199614
beh,beh:u53,beh:u20,0.3334531335070375
beh,beh:u53,beh:u22,0.3211652555058383
beh,beh:u53,beh:u24,0.2567942083426978
beh,beh:u53,beh:u30,0.3074042584170927
beh,beh:u53,beh:u41,0.3626174700641289
beh,beh:u53,beh:u43,0.12187516286426565
beh,beh:u53,beh:u44,0.4755034560850047
beh,beh:u54,beh:u59,0.0011671414721544206
beh,beh:u56,beh:u08,0.2052107209011799
beh,beh:u56,beh:u24,0.3558167025993985
beh,beh:u56,beh:u30,0.15623792554308896
beh,beh:u56,beh:u36,0.048462939030992275
beh,beh:u56,beh:u47,0.09374548662895761
beh,beh:u56,beh:u49,0.006282821628730481
beh,beh:u56,beh:u59,0.039428137296682035
beh,beh:u58,beh:u23,0.4577640783258044
beh,beh:u58,beh:u25,0.3147129420496872
beh,beh:u58,beh:u27,0.14352302041726572
beh,beh:u58,beh:u34,0.3565547408503779
beh,beh:u58,beh:u35,0.683255373704
beh,beh:u58,beh:u41,0.18566374719712658
beh,beh:u58,beh:u42,0.5661132250537165
beh,beh:u58,beh:u45,0.3522299420270178
beh,beh:u58,beh:u47,0.09324370087077156
beh,beh:u58,beh:u50,0.5105536130127236
beh,beh:u58,beh:u51,0.6707306982471047
beh,beh:u59,beh:u00,0.3513630866546309
beh,beh:u59,beh:u02,0.24978842070636406
beh,beh:u59,beh:u08,0.4070267802487516
beh,beh:u59,beh:u10,0.3152050656329834
beh,beh:u59,beh:u12,0.4049756166955088
beh,beh:u59,beh:u13,0.19551057856520065
beh,beh:u59,beh:u18,0.0004776187647754273
beh,beh:u59,beh:u24,0.4581808574043173
beh,beh:u59,beh:u30,0.13377594072491178
beh,beh:u59,beh:u31,0.24865353321309497
beh,beh:u59,beh:u36,0.13006080927356034
beh,beh:u59,beh:u41,0.269094570522848
beh,beh:u59,beh:u46,0.18816141459605437
beh,beh:u59,beh:u49,0.2444306687748378
beh,beh:u59,beh:u50,0.17791062430293442
beh,beh:u59,beh:u51,0.21673178221416067
beh,beh:u59,beh:u54,0.0011671414721544206
beh,beh:u59,beh:u56,0.039428137296682035
edu,edu:u01,edu:u33,1.0
edu,edu:u02,edu:u03,1.0
edu,edu:u02,edu:u04,1.0
edu,edu:u02,edu:u05,1.0
edu,edu:u02,edu:u07,2.0
edu,edu:u02,edu:u08,1.0
edu,edu:u02,edu:u09,1.0
edu,edu:u02,edu:u10,1.0
edu,edu:u02,edu:u12,1.0
edu,edu:u02,edu:u13,1.0
edu,edu:u02,edu:u14,1.0
edu,edu:u02,edu:u15,1.0
edu,edu:u02,edu:u16,1.0
edu,edu:u02,edu:u17,1.0
edu,edu:u02,edu:u18,1.0
edu,edu:u02,edu:u19,1.0
edu,edu:u02,edu:u20,1.0
edu,edu:u02,edu:u22,1.0
edu,edu:u02,edu:u23,1.0
edu,edu:u02,edu:u24,1.0
edu,edu:u02,edu:u25,1.0
edu,edu:u02,edu:u27,1.0
edu,edu:u02,edu:u30,1.0
edu,edu:u02,edu:u31,2.0
edu,edu:u02,edu:u32,1.0
edu,edu:u02,edu:u34,1.0
edu,edu:u02,edu:u35,1.0
edu,edu:u02,edu:u41,1.0
edu,edu:u02,edu:u42,1.0
edu,edu:u02,edu:u43,1.0
edu,edu:u02,edu:u44,1.0
edu,edu:u02,edu:u45,1.0
edu,edu:u02,edu:u46,1.0
edu,edu:u02,edu:u47,1.0
edu,edu:u02,edu:u49,1.0
edu,edu:u02,edu:u50,1.0
edu,edu:u02,edu:u51,1.0
edu,edu:u02,edu:u52,1.0
edu,edu:u02,edu:u53,1.0
edu,edu:u02,edu:u54,1.0
edu,edu:u02,edu:u57,2.0
edu,edu:u02,edu:u58,1.0
edu,edu:u02,edu:u59,1.0
edu,edu:u03,edu:u02,1.0
edu,edu:u03,edu:u04,1.0
edu,edu:u03,edu:u05,1.0
edu,edu:u03,edu:u07,1.0
edu,edu:u03,edu:u08,1.0
edu,edu:u03,edu:u09,1.0
edu,edu:u03,edu:u10,1.0
edu,edu:u03,edu:u12,1.0
edu,edu:u03,edu:u13,1.0
edu,edu:u03,edu:u14,1.0
edu,edu:u03,edu:u15,1.0
edu,edu:u03,edu:u16,1.0
edu,edu:u03,edu:u17,1.0
edu,edu:u03,edu:u18,1.0
edu,edu:u03,edu:u19,1.0
edu,edu:u03,edu:u20,1.0
edu,edu:u03,edu:u22,1.0
edu,edu:u03,edu:u23,1.0
edu,edu:u03,edu:u24,1.0
edu,edu:u03,edu:u25,1.0
edu,edu:u03,edu:u27,1.0
edu,edu:u03,edu:u30,1.0
edu,edu:u03,edu:u31,1.0
edu,edu:u03,edu:u32,1.0
edu,edu:u03,edu:u34,1.0
edu,edu:u03,edu:u35,1.0
edu,edu:u03,edu:u41,1.0
edu,edu:u03,edu:u42,1.0
edu,edu:u03,edu:u43,1.0
edu,edu:u03,edu:u44,1.0
edu,edu:u03,edu:u45,1.0
edu,edu:u03,edu:u46,1.0
edu,edu:u03,edu:u47,1.0
edu,edu:u03,edu:u49,1.0
edu,edu:u03,edu:u50,1.0
edu,edu:u03,edu:u51,1.0
edu,edu:u03,edu:u52,1.0
edu,edu:u03,edu:u53,1.0
edu,edu:u03,edu:u54,1.0
edu,edu:u03,edu:u57,1.0
edu,edu:u03,edu:u58,1.0
edu,edu:u03,edu:u59,1.0
edu,edu:u04,edu:u02,1.0
edu,edu:u04,edu:u03,1.0
edu,edu:u04,edu:u05,1.0
edu,edu:u04,edu:u07,1.0
edu,edu:u04,edu:u08,1.0
edu,edu:u04,edu:u09,1.0
edu,edu:u04,edu:u10,1.0
edu,edu:u04,edu:u12,1.0
edu,edu:u04,edu:u13,1.0
edu,edu:u04,edu:u14,1.0
edu,edu:u04,edu:u15,1.0
edu,edu:u04,edu:u16,1.0
edu,edu:u04,edu:u17,1.0
edu,edu:u04,edu:u18,1.0
edu,edu:u04,edu:u19,1.0
edu,edu:u04,edu:u20,1.0
edu,edu:u04,edu:u22,1.0
edu,edu:u04,edu:u23,1.0
edu,edu:u04,edu:u24,1.0
edu,edu:u04,edu:u25,1.0
edu,edu:u04,edu:u27,1.0
edu,edu:u04,edu:u30,1.0
edu,edu:u04,edu:u31,1.0
edu,edu:u04,edu:u32,1.0
edu,edu:u04,edu:u34,1.0
edu,edu:u04,edu:u35,1.0
edu,edu:u04,edu:u41,1.0
edu,edu:u04,edu:u42,1.0
edu,edu:u04,edu:u43,1.0
edu,edu:u04,edu:u44,1.0
edu,edu:u04,edu:u45,1.0
edu,edu:u04,edu:u46,1.0
edu,edu:u04,edu:u47,1.0
edu,edu:u04,edu:u49,1.0
edu,edu:u04,edu:u50,1.0
edu,edu:u04,edu:u51,1.0
edu,edu:u04,edu:u52,1.0
edu,edu:u04,edu:u53,1.0
edu,edu:u04,edu:u54,1.0
edu,edu:u04,edu:u57,1.0
edu,edu:u04,edu:u58,1.0
edu,edu:u04,edu:u59,1.0
edu,edu:u05,edu:u02,1.0
edu,edu:u05,edu:u03,1.0
edu,edu:u05,edu:u04,1.0
edu,edu:u05,edu:u07,1.0
edu,edu:u05,edu:u08,1.0
edu,edu:u05,edu:u09,1.0
edu,edu:u05,edu:u10,2.0
edu,edu:u05,edu:u12,2.0
edu,edu:u05,edu:u13,1.0
edu,edu:u05,edu:u14,1.0
edu,edu:u05,edu:u15,1.0
edu,edu:u05,edu:u16,1.0
edu,edu:u05,edu:u17,1.0
edu,edu:u05,edu:u18,1.0
edu,edu:u05,edu:u19,2.0
edu,edu:u05,edu:u20,1.0
edu,edu:u05,edu:u22,2.0
edu,edu:u05,edu:u23,1.0
edu,edu:u05,edu:u24,1.0
edu,edu:u05,edu:u25,1.0
edu,edu:u05,edu:u27,1.0
edu,edu:u05,edu:u30,2.0
edu,edu:u05,edu:u31,1.0
edu,edu:u05,edu:u32,1.0
edu,edu:u05,edu:u34,1.0
edu,edu:u05,edu:u35,1.0
edu,edu:u05,edu:u41,2.0
edu,edu:u05,edu:u42,1.0
edu,edu:u05,edu:u43,1.0
edu,edu:u05,edu:u44,1.0
edu,edu:u05,edu:u45,1.0
edu,edu:u05,edu:u46,2.0
edu,edu:u05,edu:u47,1.0
edu,edu:u05,edu:u49,1.0
edu,edu:u05,edu:u50,1.0
edu,edu:u05,edu:u51,1.0
edu,edu:u05,edu:u52,2.0
edu,edu:u05,edu:u53,1.0
edu,edu:u05,edu:u54,1.0
edu,edu:u05,edu:u57,1.0
edu,edu:u05,edu:u58,1.0
edu,edu:u05,edu:u59,1.0
edu,edu:u07,edu:u02,2.0
edu,edu:u07,edu:u03,1.0
edu,edu:u07,edu:u04,1.0
edu,edu:u07,edu:u05,1.0
edu,edu:u07,edu:u08,1.0
edu,edu:u07,edu:u09,1.0
edu,edu:u07,edu:u10,1.0
edu,edu:u07,edu:u12,1.0
edu,edu:u07,edu:u13,1.0
edu,edu:u07,edu:u14,1.0
edu,edu:u07,edu:u15,1.0
edu,edu:u07,edu:u16,1.0
edu,edu:u07,edu:u17,1.0
edu,edu:u07,edu:u18,1.0
edu,edu:u07,edu:u19,1.0
edu,edu:u07,edu:u20,1.0
edu,edu:u07,edu:u22,1.0
edu,edu:u07,edu:u23,1.0
edu,edu:u07,edu:u24,2.0
edu,edu:u07,edu:u25,1.0
edu,edu:u07,edu:u27,1.0
edu,edu:u07,edu:u30,1.0
edu,edu:u07,edu:u31,2.0
edu,edu:u07,edu:u32,1.0
edu,edu:u07,edu:u34,1.0
edu,edu:u07,edu:u35,1.0
edu,edu:u07,edu:u41,1.0
edu,edu:u07,edu:u42,1.0
edu,edu:u07,edu:u43,1.0
edu,edu:u07,edu:u44,2.0
edu,edu:u07,edu:u45,1.0
edu,edu:u07,edu:u46,1.0
edu,edu:u07,edu:u47,2.0
edu,edu:u07,edu:u49,1.0
edu,edu:u07,edu:u50,2.0
edu,edu:u07,edu:u51,1.0
edu,edu:u07,edu:u52,1.0
edu,edu:u07,edu:u53,1.0
edu,edu:u07,edu:u54,1.0
edu,edu:u07,edu:u57,2.0
edu,edu:u07,edu:u58,1.0
edu,edu:u07,edu:u59,1.0
edu,edu:u08,edu:u02,1.0
edu,edu:u08,edu:u03,1.0
edu,edu:u08,edu:u04,1.0
edu,edu:u08,edu:u05,1.0
edu,edu:u08,edu:u07,1.0
edu,edu:u08,edu:u09,1.0
edu,edu:u08,edu:u10,1.0
edu,edu:u08,edu:u12,2.0
edu,edu:u08,edu:u13,1.0
edu,edu:u08,edu:u14,1.0
edu,edu:u08,edu:u15,1.0
edu,edu:u08,edu:u16,1.0
edu,edu:u08,edu:u17,2.0
edu,edu:u08,edu:u18,2.0
edu,edu:u08,edu:u19,1.0
edu,edu:u08,edu:u20,1.0
edu,edu:u08,edu:u22,1.0
edu,edu:u08,edu:u23,1.0
edu,edu:u08,edu:u24,1.0
edu,edu:u08,edu:u25,1.0
edu,edu:u08,edu:u27,1.0
edu,edu:u08,edu:u30,1.0
edu,edu:u08,edu:u31,1.0
edu,edu:u08,edu:u32,1.0
edu,edu:u08,edu:u34,1.0
edu,edu:u08,edu:u35,1.0
edu,edu:u08,edu:u41,1.0
edu,edu:u08,edu:u42,1.0
edu,edu:u08,edu:u43,1.0
edu,edu:u08,edu:u44,1.0
edu,edu:u08,edu:u45,1.0
edu,edu:u08,edu:u46,1.0
edu,edu:u08,edu:u47,1.0
edu,edu:u08,edu:u49,1.0
edu,edu:u08,edu:u50,1.0
edu,edu:u08,edu:u51,1.0
edu,edu:u08,edu:u52,1.0
edu,edu:u08,edu:u53,2.0
edu,edu:u08,edu:u54,1.0
edu,edu:u08,edu:u57,1.0
edu,edu:u08,edu:u58,1.0
edu,edu:u08,edu:u59,1.0
edu,edu:u09,edu:u02,1.0
edu,edu:u09,edu:u03,1.0
edu,edu:u09,edu:u04,1.0
edu,edu:u09,edu:u05,1.0
edu,edu:u09,edu:u07,1.0
edu,edu:u09,edu:u08,1.0
edu,edu:u09,edu:u10,1.0
edu,edu:u09,edu:u12,1.0
edu,edu:u09,edu:u13,1.0
edu,edu:u09,edu:u14,1.0
edu,edu:u09,edu:u15,1.0
edu,edu:u09,edu:u16,1.0
edu,edu:u09,edu:u17,1.0
edu,edu:u09,edu:u18,1.0
edu,edu:u09,edu:u19,1.0
edu,edu:u09,edu:u20,1.0
edu,edu:u09,edu:u22,1.0
edu,edu:u09,edu:u23,1.0
edu,edu:u09,edu:u24,1.0
edu,edu:u09,edu:u25,1.0
edu,edu:u09,edu:u27,1.0
edu,edu:u09,edu:u30,1.0
edu,edu:u09,edu:u31,1.0
edu,edu:u09,edu:u32,1.0
edu,edu:u09,edu:u34,1.0
edu,edu:u09,edu:u35,1.0
edu,edu:u09,edu:u41,1.0
edu,edu:u09,edu:u42,1.0
edu,edu:u09,edu:u43,1.0
edu,edu:u09,edu:u44,1.0
edu,edu:u09,edu:u45,1.0
edu,edu:u09,edu:u46,1.0
edu,edu:u09,edu:u47,1.0
edu,edu:u09,edu:u49,1.0
edu,edu:u09,edu:u50,1.0
edu,edu:u09,edu:u51,1.0
edu,edu:u09,edu:u52,1.0
edu,edu:u09,edu:u53,1.0
edu,edu:u09,edu:u54,1.0
edu,edu:u09,edu:u57,1.0
edu,edu:u09,edu:u58,1.0
edu,edu:u09,edu:u59,1.0
edu,edu:u10,edu:u02,1.0
edu,edu:u10,edu:u03,1.0
edu,edu:u10,edu:u04,1.0
edu,edu:u10,edu:u05,2.0
edu,edu:u10,edu:u07,1.0
edu,edu:u10,edu:u08,1.0
edu,edu:u10,edu:u09,1.0
edu,edu:u10,edu:u12,2.0
edu,edu:u10,edu:u13,1.0
edu,edu:u10,edu:u14,1.0
edu,edu:u10,edu:u15,1.0
edu,edu:u10,edu:u16,1.0
edu,edu:u10,edu:u17,1.0
edu,edu:u10,edu:u18,1.0
edu,edu:u10,edu:u19,2.0
edu,edu:u10,edu:u20,1.0
edu,edu:u10,edu:u22,2.0
edu,edu:u10,edu:u23,1.0
edu,edu:u10,edu:u24,1.0
edu,edu:u10,edu:u25,1.0
edu,edu:u10,edu:u27,1.0
edu,edu:u10,edu:u30,2.0
edu,edu:u10,edu:u31,1.0
edu,edu:u10,edu:u32,1.0
edu,edu:u10,edu:u34,1.0
edu,edu:u10,edu:u35,1.0
edu,edu:u10,edu:u41,2.0
edu,edu:u10,edu:u42,1.0
edu,edu:u10,edu:u43,1.0
edu,edu:u10,edu:u44,1.0
edu,edu:u10,edu:u45,1.0
edu,edu:u10,edu:u46,2.0
edu,edu:u10,edu:u47,1.0
edu,edu:u10,edu:u49,1.0
edu,edu:u10,edu:u50,1.0
edu,edu:u10,edu:u51,1.0
edu,edu:u10,edu:u52,2.0
edu,edu:u10,edu:u53,1.0
edu,edu:u10,edu:u54,1.0
edu,edu:u10,edu:u57,1.0
edu,edu:u10,edu:u58,1.0
edu,edu:u10,edu:u59,1.0
edu,edu:u12,edu:u02,1.0
edu,edu:u12,edu:u03,1.0
edu,edu:u12,edu:u04,1.0
edu,edu:u12,edu:u05,2.0
edu,edu:u12,edu:u07,1.0
edu,edu:u12,edu:u08,2.0
edu,edu:u12,edu:u09,1.0
edu,edu:u12,edu:u10,2.0
edu,edu:u12,edu:u13,1.0
edu,edu:u12,edu:u14,1.0
edu,edu:u12,edu:u15,1.0
edu,edu:u12,edu:u16,1.0
edu,edu:u12,edu:u17,2.0
edu,edu:u12,edu:u18,3.0
edu,edu:u12,edu:u19,2.0
edu,edu:u12,edu:u20,1.0
edu,edu:u12,edu:u22,2.0
edu,edu:u12,edu:u23,1.0
edu,edu:u12,edu:u24,1.0
edu,edu:u12,edu:u25,1.0
edu,edu:u12,edu:u27,1.0
edu,edu:u12,edu:u30,2.0
edu,edu:u12,edu:u31,1.0
edu,edu:u12,edu:u32,1.0
edu,edu:u12,edu:u34,1.0
edu,edu:u12,edu:u35,1.0
edu,edu:u12,edu:u41,2.0
edu,edu:u12,edu:u42,1.0
edu,edu:u12,edu:u43,1.0
edu,edu:u12,edu:u44,1.0
edu,edu:u12,edu:u45,1.0
edu,edu:u12,edu:u46,2.0
edu,edu:u12,edu:u47,1.0
edu,edu:u12,edu:u49,1.0
edu,edu:u12,edu:u50,1.0
edu,edu:u12,edu:u51,1.0
edu,edu:u12,edu:u52,2.0
edu,edu:u12,edu:u53,2.0
edu,edu:u12,edu:u54,1.0
edu,edu:u12,edu:u57,1.0
edu,edu:u12,edu:u58,1.0
edu,edu:u12,edu:u59,1.0
edu,edu:u13,edu:u02,1.0
edu,edu:u13,edu:u03,1.0
edu,edu:u13,edu:u04,1.0
edu,edu:u13,edu:u05,1.0
edu,edu:u13,edu:u07,1.0
edu,edu:u13,edu:u08,1.0
edu,edu:u13,edu:u09,1.0
edu,edu:u13,edu:u10,1.0
edu,edu:u13,edu:u12,1.0
edu,edu:u13,edu:u14,1.0
edu,edu:u13,edu:u15,1.0
edu,edu:u13,edu:u16,1.0
edu,edu:u13,edu:u17,1.0
edu,edu:u13,edu:u18,1.0
edu,edu:u13,edu:u19,1.0
edu,edu:u13,edu:u20,2.0
edu,edu:u13,edu:u22,1.0
edu,edu:u13,edu:u23,2.0
edu,edu:u13,edu:u24,1.0
edu,edu:u13,edu:u25,1.0
edu,edu:u13,edu:u27,1.0
edu,edu:u13,edu:u30,1.0
edu,edu:u13,edu:u31,1.0
edu,edu:u13,edu:u32,1.0
edu,edu:u13,edu:u34,2.0
edu,edu:u13,edu:u35,2.0
edu,edu:u13,edu:u41,1.0
edu,edu:u13,edu:u42,2.0
edu,edu:u13,edu:u43,1.0
edu,edu:u13,edu:u44,1.0
edu,edu:u13,edu:u45,2.0
edu,edu:u13,edu:u46,1.0
edu,edu:u13,edu:u47,1.0
edu,edu:u13,edu:u49,1.0
edu,edu:u13,edu:u50,1.0
edu,edu:u13,edu:u51,2.0
edu,edu:u13,edu:u52,1.0
edu,edu:u13,edu:u53,1.0
edu,edu:u13,edu:u54,1.0
edu,edu:u13,edu:u57,1.0
edu,edu:u13,edu:u58,2.0
edu,edu:u13,edu:u59,1.0
edu,edu:u14,edu:u02,1.0
edu,edu:u14,edu:u03,1.0
edu,edu:u14,edu:u04,1.0
edu,edu:u14,edu:u05,1.0
edu,edu:u14,edu:u07,1.0
edu,edu:u14,edu:u08,1.0
edu,edu:u14,edu:u09,1.0
edu,edu:u14,edu:u10,1.0
edu,edu:u14,edu:u12,1.0
edu,edu:u14,edu:u13,1.0
edu,edu:u14,edu:u15,1.0
edu,edu:u14,edu:u16,2.0
edu,edu:u14,edu:u17,1.0
edu,edu:u14,edu:u18,1.0
edu,edu:u14,edu:u19,1.0
edu,edu:u14,edu:u20,1.0
edu,edu:u14,edu:u22,1.0
edu,edu:u14,edu:u23,1.0
edu,edu:u14,edu:u24,1.0
edu,edu:u14,edu:u25,1.0
edu,edu:u14,edu:u27,1.0
edu,edu:u14,edu:u30,1.0
edu,edu:u14,edu:u31,1.0
edu,edu:u14,edu:u32,1.0
edu,edu:u14,edu:u34,1.0
edu,edu:u14,edu:u35,1.0
edu,edu:u14,edu:u41,1.0
edu,edu:u14,edu:u42,1.0
edu,edu:u14,edu:u43,1.0
edu,edu:u14,edu:u44,1.0
edu,edu:u14,edu:u45,1.0
edu,edu:u14,edu:u46,1.0
edu,edu:u14,edu:u47,1.0
edu,edu:u14,edu:u49,1.0
edu,edu:u14,edu:u50,1.0
edu,edu:u14,edu:u51,1.0
edu,edu:u14,edu:u52,1.0
edu,edu:u14,edu:u53,1.0
edu,edu:u14,edu:u54,1.0
edu,edu:u14,edu:u57,1.0
edu,edu:u14,edu:u58,1.0
edu,edu:u14,edu:u59,1.0
edu,edu:u15,edu:u02,1.0
edu,edu:u15,edu:u03,1.0
edu,edu:u15,edu:u04,1.0
edu,edu:u15,edu:u05,1.0
edu,edu:u15,edu:u07,1.0
edu,edu:u15,edu:u08,1.0
edu,edu:u15,edu:u09,1.0
edu,edu:u15,edu:u10,1.0
edu,edu:u15,edu:u12,1.0
edu,edu:u15,edu:u13,1.0
edu,edu:u15,edu:u14,1.0
edu,edu:u15,edu:u16,1.0
edu,edu:u15,edu:u17,1.0
edu,edu:u15,edu:u18,1.0
edu,edu:u15,edu:u19,1.0
edu,edu:u15,edu:u20,1.0
edu,edu:u15,edu:u22,1.0
edu,edu:u15,edu:u23,1.0
edu,edu:u15,edu:u24,1.0
edu,edu:u15,edu:u25,1.0
edu,edu:u15,edu:u27,1.0
edu,edu:u15,edu:u30,1.0
edu,edu:u15,edu:u31,1.0
edu,edu:u15,edu:u32,1.0
edu,edu:u15,edu:u34,1.0
edu,edu:u15,edu:u35,1.0
edu,edu:u15,edu:u41,1.0
edu,edu:u15,edu:u42,1.0
edu,edu:u15,edu:u43,1.0
edu,edu:u15,edu:u44,1.0
edu,edu:u15,edu:u45,1.0
edu,edu:u15,edu:u46,1.0
edu,edu:u15,edu:u47,1.0
edu,edu:u15,edu:u49,1.0
edu,edu:u15,edu:u50,1.0
edu,edu:u15,edu:u51,1.0
edu,edu:u15,edu:u52,1.0
edu,edu:u15,edu:u53,1.0
edu,edu:u15,edu:u54,1.0
edu,edu:u15,edu:u57,1.0
edu,edu:u15,edu:u58,1.0
edu,edu:u15,edu:u59,1.0
edu,edu:u16,edu:u02,1.0
edu,edu:u16,edu:u03,1.0
edu,edu:u16,edu:u04,1.0
edu,edu:u16,edu:u05,1.0
edu,edu:u16,edu:u07,1.0
edu,edu:u16,edu:u08,1.0
edu,edu:u16,edu:u09,1.0
edu,edu:u16,edu:u10,1.0
edu,edu:u16,edu:u12,1.0
edu,edu:u16,edu:u13,1.0
edu,edu:u16,edu:u14,2.0
edu,edu:u16,edu:u15,1.0
edu,edu:u16,edu:u17,1.0
edu,edu:u16,edu:u18,1.0
edu,edu:u16,edu:u19,1.0
edu,edu:u16,edu:u20,1.0
edu,edu:u16,edu:u22,1.0
edu,edu:u16,edu:u23,1.0
edu,edu:u16,edu:u24,1.0
edu,edu:u16,edu:u25,1.0
edu,edu:u16,edu:u27,1.0
edu,edu:u16,edu:u30,1.0
edu,edu:u16,edu:u31,1.0
edu,edu:u16,edu:u32,1.0
edu,edu:u16,edu:u34,1.0
edu,edu:u16,edu:u35,1.0
edu,edu:u16,edu:u41,1.0
edu,edu:u16,edu:u42,1.0
edu,edu:u16,edu:u43,1.0
edu,edu:u16,edu:u44,1.0
edu,edu:u16,edu:u45,1.0
edu,edu:u16,edu:u46,1.0
edu,edu:u16,edu:u47,1.0
edu,edu:u16,edu:u49,1.0
edu,edu:u16,edu:u50,1.0
edu,edu:u16,edu:u51,1.0
edu,edu:u16,edu:u52,1.0
edu,edu:u16,edu:u53,1.0
edu,edu:u16,edu:u54,1.0
edu,edu:u16,edu:u57,1.0
edu,edu:u16,edu:u58,1.0
edu,edu:u16,edu:u59,1.0
edu,edu:u17,edu:u02,1.0
edu,edu:u17,edu:u03,1.0
edu,edu:u17,edu:u04,1.0
edu,edu:u17,edu:u05,1.0
edu,edu:u17,edu:u07,1.0
edu,edu:u17,edu:u08,2.0
edu,edu:u17,edu:u09,1.0
edu,edu:u17,edu:u10,1.0
edu,edu:u17,edu:u12,2.0
edu,edu:u17,edu:u13,1.0
edu,edu:u17,edu:u14,1.0
edu,edu:u17,edu:u15,1.0
edu,edu:u17,edu:u16,1.0
edu,edu:u17,edu:u18,2.0
edu,edu:u17,edu:u19,1.0
edu,edu:u17,edu:u20,1.0
edu,edu:u17,edu:u22,1.0
edu,edu:u17,edu:u23,1.0
edu,edu:u17,edu:u24,1.0
edu,edu:u17,edu:u25,1.0
edu,edu:u17,edu:u27,1.0
edu,edu:u17,edu:u30,1.0
edu,edu:u17,edu:u31,1.0
edu,edu:u17,edu:u32,1.0
edu,edu:u17,edu:u34,1.0
edu,edu:u17,edu:u35,1.0
edu,edu:u17,edu:u41,1.0
edu,edu:u17,edu:u42,1.0
edu,edu:u17,edu:u43,1.0
edu,edu:u17,edu:u44,1.0
edu,edu:u17,edu:u45,1.0
edu,edu:u17,edu:u46,1.0
edu,edu:u17,edu:u47,1.0
edu,edu:u17,edu:u49,1.0
edu,edu:u17,edu:u50,1.0
edu,edu:u17,edu:u51,1.0
edu,edu:u17,edu:u52,1.0
edu,edu:u17,edu:u53,2.0
edu,edu:u17,edu:u54,1.0
edu,edu:u17,edu:u57,1.0
edu,edu:u17,edu:u58,1.0
edu,edu:u17,edu:u59,1.0
edu,edu:u18,edu:u02,1.0
edu,edu:u18,edu:u03,1.0
edu,edu:u18,edu:u04,1.0
edu,edu:u18,edu:u05,1.0
edu,edu:u18,edu:u07,1.0
edu,edu:u18,edu:u08,2.0
edu,edu:u18,edu:u09,1.0
edu,edu:u18,edu:u10,1.0
edu,edu:u18,edu:u12,3.0
edu,edu:u18,edu:u13,1.0
edu,edu:u18,edu:u14,1.0
edu,edu:u18,edu:u15,1.0
edu,edu:u18,edu:u16,1.0
edu,edu:u18,edu:u17,2.0
edu,edu:u18,edu:u19,1.0
edu,edu:u18,edu:u20,1.0
edu,edu:u18,edu:u22,1.0
edu,edu:u18,edu:u23,1.0
edu,edu:u18,edu:u24,1.0
edu,edu:u18,edu:u25,1.0
edu,edu:u18,edu:u27,1.0
edu,edu:u18,edu:u30,1.0
edu,edu:u18,edu:u31,1.0
edu,edu:u18,edu:u32,1.0
edu,edu:u18,edu:u34,1.0
edu,edu:u18,edu:u35,1.0
edu,edu:u18,edu:u41,1.0
edu,edu:u18,edu:u42,1.0
edu,edu:u18,edu:u43,1.0
edu,edu:u18,edu:u44,1.0
edu,edu:u18,edu:u45,1.0
edu,edu:u18,edu:u46,1.0
edu,edu:u18,edu:u47,1.0
edu,edu:u18,edu:u49,1.0
edu,edu:u18,edu:u50,1.0
edu,edu:u18,edu:u51,1.0
edu,edu:u18,edu:u52,1.0
edu,edu:u18,edu:u53,2.0
edu,edu:u18,edu:u54,1.0
edu,edu:u18,edu:u57,1.0
edu,edu:u18,edu:u58,1.0
edu,edu:u18,edu:u59,1.0
edu,edu:u19,edu:u02,1.0
edu,edu:u19,edu:u03,1.0
edu,edu:u19,edu:u04,1.0
edu,edu:u19,edu:u05,2.0
edu,edu:u19,edu:u07,1.0
edu,edu:u19,edu:u08,1.0
edu,edu:u19,edu:u09,1.0
edu,edu:u19,edu:u10,2.0
edu,edu:u19,edu:u12,2.0
edu,edu:u19,edu:u13,1.0
edu,edu:u19,edu:u14,1.0
edu,edu:u19,edu:u15,1.0
edu,edu:u19,edu:u16,1.0
edu,edu:u19,edu:u17,1.0
edu,edu:u19,edu:u18,1.0
edu,edu:u19,edu:u20,1.0
edu,edu:u19,edu:u22,2.0
edu,edu:u19,edu:u23,1.0
edu,edu:u19,edu:u24,1.0
edu,edu:u19,edu:u25,1.0
edu,edu:u19,edu:u27,1.0
edu,edu:u19,edu:u30,2.0
edu,edu:u19,edu:u31,1.0
edu,edu:u19,edu:u32,1.0
edu,edu:u19,edu:u34,1.0
edu,edu:u19,edu:u35,1.0
edu,edu:u19,edu:u41,2.0
edu,edu:u19,edu:u42,1.0
edu,edu:u19,edu:u43,1.0
edu,edu:u19,edu:u44,1.0
edu,edu:u19,edu:u45,1.0
edu,edu:u19,edu:u46,2.0
edu,edu:u19,edu:u47,1.0
edu,edu:u19,edu:u49,1.0
edu,edu:u19,edu:u50,1.0
edu,edu:u19,edu:u51,1.0
edu,edu:u19,edu:u52,2.0
edu,edu:u19,edu:u53,1.0
edu,edu:u19,edu:u54,1.0
edu,edu:u19,edu:u57,1.0
edu,edu:u19,edu:u58,1.0
edu,edu:u19,edu:u59,1.0
edu,edu:u20,edu:u02,1.0
edu,edu:u20,edu:u03,1.0
edu,edu:u20,edu:u04,1.0
edu,edu:u20,edu:u05,1.0
edu,edu:u20,edu:u07,1.0
edu,edu:u20,edu:u08,1.0
edu,edu:u20,edu:u09,1.0
edu,edu:u20,edu:u10,1.0
edu,edu:u20,edu:u12,1.0
edu,edu:u20,edu:u13,2.0
edu,edu:u20,edu:u14,1.0
edu,edu:u20,edu:u15,1.0
edu,edu:u20,edu:u16,1.0
edu,edu:u20,edu:u17,1.0
edu,edu:u20,edu:u18,1.0
edu,edu:u20,edu:u19,1.0
edu,edu:u20,edu:u22,1.0
edu,edu:u20,edu:u23,2.0
edu,edu:u20,edu:u24,1.0
edu,edu:u20,edu:u25,1.0
edu,edu:u20,edu:u27,1.0
edu,edu:u20,edu:u30,1.0
edu,edu:u20,edu:u31,1.0
edu,edu:u20,edu:u32,1.0
edu,edu:u20,edu:u34,2.0
edu,edu:u20,edu:u35,2.0
edu,edu:u20,edu:u41,1.0
edu,edu:u20,edu:u42,2.0
edu,edu:u20,edu:u43,1.0
edu,edu:u20,edu:u44,1.0
edu,edu:u20,edu:u45,2.0
edu,edu:u20,edu:u46,1.0
edu,edu:u20,edu:u47,1.0
edu,edu:u20,edu:u49,1.0
edu,edu:u20,edu:u50,1.0
edu,edu:u20,edu:u51,2.0
edu,edu:u20,edu:u52,1.0
edu,edu:u20,edu:u53,1.0
edu,edu:u20,edu:u54,1.0
edu,edu:u20,edu:u57,1.0
edu,edu:u20,edu:u58,2.0
edu,edu:u20,edu:u59,1.0
edu,edu:u22,edu:u02,1.0
edu,edu:u22,edu:u03,1.0
edu,edu:u22,edu:u04,1.0
edu,edu:u22,edu:u05,2.0
edu,edu:u22,edu:u07,1.0
edu,edu:u22,edu:u08,1.0
edu,edu:u22,edu:u09,1.0
edu,edu:u22,edu:u10,2.0
edu,edu:u22,edu:u12,2.0
edu,edu:u22,edu:u13,1.0
edu,edu:u22,edu:u14,1.0
edu,edu:u22,edu:u15,1.0
edu,edu:u22,edu:u16,1.0
edu,edu:u22,edu:u17,1.0
edu,edu:u22,edu:u18,1.0
edu,edu:u22,edu:u19,2.0
edu,edu:u22,edu:u20,1.0
edu,edu:u22,edu:u23,1.0
edu,edu:u22,edu:u24,1.0
edu,edu:u22,edu:u25,1.0
edu,edu:u22,edu:u27,1.0
edu,edu:u22,edu:u30,2.0
edu,edu:u22,edu:u31,1.0
edu,edu:u22,edu:u32,1.0
edu,edu:u22,edu:u34,1.0
edu,edu:u22,edu:u35,1.0
edu,edu:u22,edu:u41,2.0
edu,edu:u22,edu:u42,1.0
edu,edu:u22,edu:u43,1.0
edu,edu:u22,edu:u44,1.0
edu,edu:u22,edu:u45,1.0
edu,edu:u22,edu:u46,2.0
edu,edu:u22,edu:u47,1.0
edu,edu:u22,edu:u49,1.0
edu,edu:u22,edu:u50,1.0
edu,edu:u22,edu:u51,1.0
edu,edu:u22,edu:u52,2.0
edu,edu:u22,edu:u53,1.0
edu,edu:u22,edu:u54,1.0
edu,edu:u22,edu:u57,1.0
edu,edu:u22,edu:u58,1.0
edu,edu:u22,edu:u59,1.0
edu,edu:u23,edu:u02,1.0
edu,edu:u23,edu:u03,1.0
edu,edu:u23,edu:u04,1.0
edu,edu:u23,edu:u05,1.0
edu,edu:u23,edu:u07,1.0
edu,edu:u23,edu:u08,1.0
edu,edu:u23,edu:u09,1.0
edu,edu:u23,edu:u10,1.0
edu,edu:u23,edu:u12,1.0
edu,edu:u23,edu:u13,2.0
edu,edu:u23,edu:u14,1.0
edu,edu:u23,edu:u15,1.0
edu,edu:u23,edu:u16,1.0
edu,edu:u23,edu:u17,1.0
edu,edu:u23,edu:u18,1.0
edu,edu:u23,edu:u19,1.0
edu,edu:u23,edu:u20,2.0
edu,edu:u23,edu:u22,1.0
edu,edu:u23,edu:u24,1.0
edu,edu:u23,edu:u25,1.0
edu,edu:u23,edu:u27,1.0
edu,edu:u23,edu:u30,1.0
edu,edu:u23,edu:u31,1.0
edu,edu:u23,edu:u32,1.0
edu,edu:u23,edu:u34,2.0
edu,edu:u23,edu:u35,2.0
edu,edu:u23,edu:u41,1.0
edu,edu:u23,edu:u42,2.0
edu,edu:u23,edu:u43,1.0
edu,edu:u23,edu:u44,1.0
edu,edu:u23,edu:u45,2.0
edu,edu:u23,edu:u46,1.0
edu,edu:u23,edu:u47,1.0
edu,edu:u23,edu:u49,1.0
edu,edu:u23,edu:u50,1.0
edu,edu:u23,edu:u51,2.0
edu,edu:u23,edu:u52,1.0
edu,edu:u23,edu:u53,1.0
edu,edu:u23,edu:u54,1.0
edu,edu:u23,edu:u57,1.0
edu,edu:u23,edu:u58,2.0
edu,edu:u23,edu:u59,1.0
edu,edu:u24,edu:u02,1.0
edu,edu:u24,edu:u03,1.0
edu,edu:u24,edu:u04,1.0
edu,edu:u24,edu:u05,1.0
edu,edu:u24,edu:u07,2.0
edu,edu:u24,edu:u08,1.0
edu,edu:u24,edu:u09,1.0
edu,edu:u24,edu:u10,1.0
edu,edu:u24,edu:u12,1.0
edu,edu:u24,edu:u13,1.0
edu,edu:u24,edu:u14,1.0
edu,edu:u24,edu:u15,1.0
edu,edu:u24,edu:u16,1.0
edu,edu:u24,edu:u17,1.0
edu,edu:u24,edu:u18,1.0
edu,edu:u24,edu:u19,1.0
edu,edu:u24,edu:u20,1.0
edu,edu:u24,edu:u22,1.0
edu,edu:u24,edu:u23,1.0
edu,edu:u24,edu:u25,1.0
edu,edu:u24,edu:u27,1.0
edu,edu:u24,edu:u30,1.0
edu,edu:u24,edu:u31,1.0
edu,edu:u24,edu:u32,1.0
edu,edu:u24,edu:u34,1.0
edu,edu:u24,edu:u35,1.0
edu,edu:u24,edu:u41,1.0
edu,edu:u24,edu:u42,1.0
edu,edu:u24,edu:u43,1.0
edu,edu:u24,edu:u44,2.0
edu,edu:u24,edu:u45,1.0
edu,edu:u24,edu:u46,1.0
edu,edu:u24,edu:u47,2.0
edu,edu:u24,edu:u49,1.0
edu,edu:u24,edu:u50,2.0
edu,edu:u24,edu:u51,1.0
edu,edu:u24,edu:u52,1.0
edu,edu:u24,edu:u53,1.0
edu,edu:u24,edu:u54,1.0
edu,edu:u24,edu:u57,2.0
edu,edu:u24,edu:u58,1.0
edu,edu:u24,edu:u59,1.0
edu,edu:u25,edu:u02,1.0
edu,edu:u25,edu:u03,1.0
edu,edu:u25,edu:u04,1.0
edu,edu:u25,edu:u05,1.0
edu,edu:u25,edu:u07,1.0
edu,edu:u25,edu:u08,1.0
edu,edu:u25,edu:u09,1.0
edu,edu:u25,edu:u10,1.0
edu,edu:u25,edu:u12,1.0
edu,edu:u25,edu:u13,1.0
edu,edu:u25,edu:u14,1.0
edu,edu:u25,edu:u15,1.0
edu,edu:u25,edu:u16,1.0
edu,edu:u25,edu:u17,1.0
edu,edu:u25,edu:u18,1.0
edu,edu:u25,edu:u19,1.0
edu,edu:u25,edu:u20,1.0
edu,edu:u25,edu:u22,1.0
edu,edu:u25,edu:u23,1.0
edu,edu:u25,edu:u24,1.0
edu,edu:u25,edu:u27,1.0
edu,edu:u25,edu:u30,1.0
edu,edu:u25,edu:u31,1.0
edu,edu:u25,edu:u32,1.0
edu,edu:u25,edu:u34,1.0
edu,edu:u25,edu:u35,1.0
edu,edu:u25,edu:u41,1.0
edu,edu:u25,edu:u42,1.0
edu,edu:u25,edu:u43,1.0
edu,edu:u25,edu:u44,1.0
edu,edu:u25,edu:u45,1.0
edu,edu:u25,edu:u46,1.0
edu,edu:u25,edu:u47,1.0
edu,edu:u25,edu:u49,1.0
edu,edu:u25,edu:u50,1.0
edu,edu:u25,edu:u51,1.0
edu,edu:u25,edu:u52,1.0
edu,edu:u25,edu:u53,1.0
edu,edu:u25,edu:u54,1.0
edu,edu:u25,edu:u57,1.0
edu,edu:u25,edu:u58,1.0
edu,edu:u25,edu:u59,1.0
edu,edu:u27,edu:u02,1.0
edu,edu:u27,edu:u03,1.0
edu,edu:u27,edu:u04,1.0
edu,edu:u27,edu:u05,1.0
edu,edu:u27,edu:u07,1.0
edu,edu:u27,edu:u08,1.0
edu,edu:u27,edu:u09,1.0
edu,edu:u27,edu:u10,1.0
edu,edu:u27,edu:u12,1.0
edu,edu:u27,edu:u13,1.0
edu,edu:u27,edu:u14,1.0
edu,edu:u27,edu:u15,1.0
edu,edu:u27,edu:u16,1.0
edu,edu:u27,edu:u17,1.0
edu,edu:u27,edu:u18,1.0
edu,edu:u27,edu:u19,1.0
edu,edu:u27,edu:u20,1.0
edu,edu:u27,edu:u22,1.0
edu,edu:u27,edu:u23,1.0
edu,edu:u27,edu:u24,1.0
edu,edu:u27,edu:u25,1.0
edu,edu:u27,edu:u30,1.0
edu,edu:u27,edu:u31,1.0
edu,edu:u27,edu:u32,1.0
edu,edu:u27,edu:u34,1.0
edu,edu:u27,edu:u35,1.0
edu,edu:u27,edu:u41,1.0
edu,edu:u27,edu:u42,1.0
edu,edu:u27,edu:u43,1.0
edu,edu:u27,edu:u44,1.0
edu,edu:u27,edu:u45,1.0
edu,edu:u27,edu:u46,1.0
edu,edu:u27,edu:u47,1.0
edu,edu:u27,edu:u49,1.0
edu,edu:u27,edu:u50,1.0
edu,edu:u27,edu:u51,1.0
edu,edu:u27,edu:u52,1.0
edu,edu:u27,edu:u53,1.0
edu,edu:u27,edu:u54,1.0
edu,edu:u27,edu:u57,1.0
edu,edu:u27,edu:u58,1.0
edu,edu:u27,edu:u59,1.0
edu,edu:u30,edu:u02,1.0
edu,edu:u30,edu:u03,1.0
edu,edu:u30,edu:u04,1.0
edu,edu:u30,edu:u05,2.0
edu,edu:u30,edu:u07,1.0
edu,edu:u30,edu:u08,1.0
edu,edu:u30,edu:u09,1.0
edu,edu:u30,edu:u10,2.0
edu,edu:u30,edu:u12,2.0
edu,edu:u30,edu:u13,1.0
edu,edu:u30,edu:u14,1.0
edu,edu:u30,edu:u15,1.0
edu,edu:u30,edu:u16,1.0
edu,edu:u30,edu:u17,1.0
edu,edu:u30,edu:u18,1.0
edu,edu:u30,edu:u19,2.0
edu,edu:u30,edu:u20,1.0
edu,edu:u30,edu:u22,2.0
edu,edu:u30,edu:u23,1.0
edu,edu:u30,edu:u24,1.0
edu,edu:u30,edu:u25,1.0
edu,edu:u30,edu:u27,1.0
edu,edu:u30,edu:u31,2.0
edu,edu:u30,edu:u32,1.0
edu,edu:u30,edu:u34,1.0
edu,edu:u30,edu:u35,1.0
edu,edu:u30,edu:u41,2.0
edu,edu:u30,edu:u42,1.0
edu,edu:u30,edu:u43,1.0
edu,edu:u30,edu:u44,1.0
edu,edu:u30,edu:u45,1.0
edu,edu:u30,edu:u46,2.0
edu,edu:u30,edu:u47,1.0
edu,edu:u30,edu:u49,1.0
edu,edu:u30,edu:u50,1.0
edu,edu:u30,edu:u51,1.0
edu,edu:u30,edu:u52,2.0
edu,edu:u30,edu:u53,1.0
edu,edu:u30,edu:u54,1.0
edu,edu:u30,edu:u57,1.0
edu,edu:u30,edu:u58,1.0
edu,edu:u30,edu:u59,1.0
edu,edu:u31,edu:u02,2.0
edu,edu:u31,edu:u03,1.0
edu,edu:u31,edu:u04,1.0
edu,edu:u31,edu:u05,1.0
edu,edu:u31,edu:u07,2.0
edu,edu:u31,edu:u08,1.0
edu,edu:u31,edu:u09,1.0
edu,edu:u31,edu:u10,1.0
edu,edu:u31,edu:u12,1.0
edu,edu:u31,edu:u13,1.0
edu,edu:u31,edu:u14,1.0
edu,edu:u31,edu:u15,1.0
edu,edu:u31,edu:u16,1.0
edu,edu:u31,edu:u17,1.0
edu,edu:u31,edu:u18,1.0
edu,edu:u31,edu:u19,1.0
edu,edu:u31,edu:u20,1.0
edu,edu:u31,edu:u22,1.0
edu,edu:u31,edu:u23,1.0
edu,edu:u31,edu:u24,1.0
edu,edu:u31,edu:u25,1.0
edu,edu:u31,edu:u27,1.0
edu,edu:u31,edu:u30,2.0
edu,edu:u31,edu:u32,1.0
edu,edu:u31,edu:u34,1.0
edu,edu:u31,edu:u35,1.0
edu,edu:u31,edu:u41,1.0
edu,edu:u31,edu:u42,1.0
edu,edu:u31,edu:u43,1.0
edu,edu:u31,edu:u44,1.0
edu,edu:u31,edu:u45,1.0
edu,edu:u31,edu:u46,1.0
edu,edu:u31,edu:u47,1.0
edu,edu:u31,edu:u49,1.0
edu,edu:u31,edu:u50,1.0
edu,edu:u31,edu:u51,1.0
edu,edu:u31,edu:u52,1.0
edu,edu:u31,edu:u53,1.0
edu,edu:u31,edu:u54,1.0
edu,edu:u31,edu:u57,1.0
edu,edu:u31,edu:u58,1.0
edu,edu:u31,edu:u59,1.0
edu,edu:u32,edu:u02,1.0
edu,edu:u32,edu:u03,1.0
edu,edu:u32,edu:u04,1.0
edu,edu:u32,edu:u05,1.0
edu,edu:u32,edu:u07,1.0
edu,edu:u32,edu:u08,1.0
edu,edu:u32,edu:u09,1.0
edu,edu:u32,edu:u10,1.0
edu,edu:u32,edu:u12,1.0
edu,edu:u32,edu:u13,1.0
edu,edu:u32,edu:u14,1.0
edu,edu:u32,edu:u15,1.0
edu,edu:u32,edu:u16,1.0
edu,edu:u32,edu:u17,1.0
edu,edu:u32,edu:u18,1.0
edu,edu:u32,edu:u19,1.0
edu,edu:u32,edu:u20,1.0
edu,edu:u32,edu:u22,1.0
edu,edu:u32,edu:u23,1.0
edu,edu:u32,edu:u24,1.0
edu,edu:u32,edu:u25,1.0
edu,edu:u32,edu:u27,1.0
edu,edu:u32,edu:u30,1.0
edu,edu:u32,edu:u31,1.0
edu,edu:u32,edu:u34,1.0
edu,edu:u32,edu:u35,1.0
edu,edu:u32,edu:u41,1.0
edu,edu:u32,edu:u42,1.0
edu,edu:u32,edu:u43,1.0
edu,edu:u32,edu:u44,1.0
edu,edu:u32,edu:u45,1.0
edu,edu:u32,edu:u46,1.0
edu,edu:u32,edu:u47,1.0
edu,edu:u32,edu:u49,1.0
edu,edu:u32,edu:u50,1.0
edu,edu:u32,edu:u51,1.0
edu,edu:u32,edu:u52,1.0
edu,edu:u32,edu:u53,1.0
edu,edu:u32,edu:u54,2.0
edu,edu:u32,edu:u57,1.0
edu,edu:u32,edu:u58,1.0
edu,edu:u32,edu:u59,1.0
edu,edu:u33,edu:u01,1.0
edu,edu:u33,edu:u54,1.0
edu,edu:u34,edu:u02,1.0
edu,edu:u34,edu:u03,1.0
edu,edu:u34,edu:u04,1.0
edu,edu:u34,edu:u05,1.0
edu,edu:u34,edu:u07,1.0
edu,edu:u34,edu:u08,1.0
edu,edu:u34,edu:u09,1.0
edu,edu:u34,edu:u10,1.0
edu,edu:u34,edu:u12,1.0
edu,edu:u34,edu:u13,2.0
edu,edu:u34,edu:u14,1.0
edu,edu:u34,edu:u15,1.0
edu,edu:u34,edu:u16,1.0
edu,edu:u34,edu:u17,1.0
edu,edu:u34,edu:u18,1.0
edu,edu:u34,edu:u19,1.0
edu,edu:u34,edu:u20,2.0
edu,edu:u34,edu:u22,1.0
edu,edu:u34,edu:u23,2.0
edu,edu:u34,edu:u24,1.0
edu,edu:u34,edu:u25,1.0
edu,edu:u34,edu:u27,1.0
edu,edu:u34,edu:u30,1.0
edu,edu:u34,edu:u31,1.0
edu,edu:u34,edu:u32,1.0
edu,edu:u34,edu:u35,2.0
edu,edu:u34,edu:u41,1.0
edu,edu:u34,edu:u42,2.0
edu,edu:u34,edu:u43,1.0
edu,edu:u34,edu:u44,1.0
edu,edu:u34,edu:u45,2.0
edu,edu:u34,edu:u46,1.0
edu,edu:u34,edu:u47,1.0
edu,edu:u34,edu:u49,1.0
edu,edu:u34,edu:u50,1.0
edu,edu:u34,edu:u51,2.0
edu,edu:u34,edu:u52,1.0
edu,edu:u34,edu:u53,1.0
edu,edu:u34,edu:u54,1.0
edu,edu:u34,edu:u57,1.0
edu,edu:u34,edu:u58,2.0
edu,edu:u34,edu:u59,1.0
edu,edu:u35,edu:u02,1.0
edu,edu:u35,edu:u03,1.0
edu,edu:u35,edu:u04,1.0
edu,edu:u35,edu:u05,1.0
edu,edu:u35,edu:u07,1.0
edu,edu:u35,edu:u08,1.0
edu,edu:u35,edu:u09,1.0
edu,edu:u35,edu:u10,1.0
edu,edu:u35,edu:u12,1.0
edu,edu:u35,edu:u13,2.0
edu,edu:u35,edu:u14,1.0
edu,edu:u35,edu:u15,1.0
edu,edu:u35,edu:u16,1.0
edu,edu:u35,edu:u17,1.0
edu,edu:u35,edu:u18,1.0
edu,edu:u35,edu:u19,1.0
edu,edu:u35,edu:u20,2.0
edu,edu:u35,edu:u22,1.0
edu,edu:u35,edu:u23,2.0
edu,edu:u35,edu:u24,1.0
edu,edu:u35,edu:u25,1.0
edu,edu:u35,edu:u27,1.0
edu,edu:u35,edu:u30,1.0
edu,edu:u35,edu:u31,1.0
edu,edu:u35,edu:u32,1.0
edu,edu:u35,edu:u34,2.0
edu,edu:u35,edu:u41,1.0
edu,edu:u35,edu:u42,2.0
edu,edu:u35,edu:u43,1.0
edu,edu:u35,edu:u44,1.0
edu,edu:u35,edu:u45,2.0
edu,edu:u35,edu:u46,1.0
edu,edu:u35,edu:u47,1.0
edu,edu:u35,edu:u49,1.0
edu,edu:u35,edu:u50,1.0
edu,edu:u35,edu:u51,2.0
edu,edu:u35,edu:u52,1.0
edu,edu:u35,edu:u53,1.0
edu,edu:u35,edu:u54,1.0
edu,edu:u35,edu:u57,1.0
edu,edu:u35,edu:u58,2.0
edu,edu:u35,edu:u59,1.0
edu,edu:u41,edu:u02,1.0
edu,edu:u41,edu:u03,1.0
edu,edu:u41,edu:u04,1.0
edu,edu:u41,edu:u05,2.0
edu,edu:u41,edu:u07,1.0
edu,edu:u41,edu:u08,1.0
edu,edu:u41,edu:u09,1.0
edu,edu:u41,edu:u10,2.0
edu,edu:u41,edu:u12,2.0
edu,edu:u41,edu:u13,1.0
edu,edu:u41,edu:u14,1.0
edu,edu:u41,edu:u15,1.0
edu,edu:u41,edu:u16,1.0
edu,edu:u41,edu:u17,1.0
edu,edu:u41,edu:u18,1.0
edu,edu:u41,edu:u19,2.0
edu,edu:u41,edu:u20,1.0
edu,edu:u41,edu:u22,2.0
edu,edu:u41,edu:u23,1.0
edu,edu:u41,edu:u24,1.0
edu,edu:u41,edu:u25,1.0
edu,edu:u41,edu:u27,1.0
edu,edu:u41,edu:u30,2.0
edu,edu:u41,edu:u31,1.0
edu,edu:u41,edu:u32,1.0
edu,edu:u41,edu:u34,1.0
edu,edu:u41,edu:u35,1.0
edu,edu:u41,edu:u42,1.0
edu,edu:u41,edu:u43,1.0
edu,edu:u41,edu:u44,1.0
edu,edu:u41,edu:u45,1.0
edu,edu:u41,edu:u46,2.0
edu,edu:u41,edu:u47,1.0
edu,edu:u41,edu:u49,1.0
edu,edu:u41,edu:u50,1.0
edu,edu:u41,edu:u51,1.0
edu,edu:u41,edu:u52,2.0
edu,edu:u41,edu:u53,1.0
edu,edu:u41,edu:u54,1.0
edu,edu:u41,edu:u57,1.0
edu,edu:u41,edu:u58,1.0
edu,edu:u41,edu:u59,1.0
edu,edu:u42,edu:u02,1.0
edu,edu:u42,edu:u03,1.0
edu,edu:u42,edu:u04,1.0
edu,edu:u42,edu:u05,1.0
edu,edu:u42,edu:u07,1.0
edu,edu:u42,edu:u08,1.0
edu,edu:u42,edu:u09,1.0
edu,edu:u42,edu:u10,1.0
edu,edu:u42,edu:u12,1.0
edu,edu:u42,edu:u13,2.0
edu,edu:u42,edu:u14,1.0
edu,edu:u42,edu:u15,1.0
edu,edu:u42,edu:u16,1.0
edu,edu:u42,edu:u17,1.0
edu,edu:u42,edu:u18,1.0
edu,edu:u42,edu:u19,1.0
edu,edu:u42,edu:u20,2.0
edu,edu:u42,edu:u22,1.0
edu,edu:u42,edu:u23,2.0
edu,edu:u42,edu:u24,1.0
edu,edu:u42,edu:u25,1.0
edu,edu:u42,edu:u27,1.0
edu,edu:u42,edu:u30,1.0
edu,edu:u42,edu:u31,1.0
edu,edu:u42,edu:u32,1.0
edu,edu:u42,edu:u34,2.0
edu,edu:u42,edu:u35,2.0
edu,edu:u42,edu:u41,1.0
edu,edu:u42,edu:u43,1.0
edu,edu:u42,edu:u44,1.0
edu,edu:u42,edu:u45,2.0
edu,edu:u42,edu:u46,1.0
edu,edu:u42,edu:u47,1.0
edu,edu:u42,edu:u49,1.0
edu,edu:u42,edu:u50,1.0
edu,edu:u42,edu:u51,2.0
edu,edu:u42,edu:u52,1.0
edu,edu:u42,edu:u53,1.0
edu,edu:u42,edu:u54,1.0
edu,edu:u42,edu:u57,1.0
edu,edu:u42,edu:u58,2.0
edu,edu:u42,edu:u59,1.0
edu,edu:u43,edu:u02,1.0
edu,edu:u43,edu:u03,1.0
edu,edu:u43,edu:u04,1.0
edu,edu:u43,edu:u05,1.0
edu,edu:u43,edu:u07,1.0
edu,edu:u43,edu:u08,1.0
edu,edu:u43,edu:u09,1.0
edu,edu:u43,edu:u10,1.0
edu,edu:u43,edu:u12,1.0
edu,edu:u43,edu:u13,1.0
edu,edu:u43,edu:u14,1.0
edu,edu:u43,edu:u15,1.0
edu,edu:u43,edu:u16,1.0
edu,edu:u43,edu:u17,1.0
edu,edu:u43,edu:u18,1.0
edu,edu:u43,edu:u19,1.0
edu,edu:u43,edu:u20,1.0
edu,edu:u43,edu:u22,1.0
edu,edu:u43,edu:u23,1.0
edu,edu:u43,edu:u24,1.0
edu,edu:u43,edu:u25,1.0
edu,edu:u43,edu:u27,1.0
edu,edu:u43,edu:u30,1.0
edu,edu:u43,edu:u31,1.0
edu,edu:u43,edu:u32,1.0
edu,edu:u43,edu:u34,1.0
edu,edu:u43,edu:u35,1.0
edu,edu:u43,edu:u41,1.0
edu,edu:u43,edu:u42,1.0
edu,edu:u43,edu:u44,1.0
edu,edu:u43,edu:u45,1.0
edu,edu:u43,edu:u46,1.0
edu,edu:u43,edu:u47,1.0
edu,edu:u43,edu:u49,1.0
edu,edu:u43,edu:u50,1.0
edu,edu:u43,edu:u51,1.0
edu,edu:u43,edu:u52,1.0
edu,edu:u43,edu:u53,1.0
edu,edu:u43,edu:u54,1.0
edu,edu:u43,edu:u57,1.0
edu,edu:u43,edu:u58,1.0
edu,edu:u43,edu:u59,1.0
edu,edu:u44,edu:u02,1.0
edu,edu:u44,edu:u03,1.0
edu,edu:u44,edu:u04,1.0
edu,edu:u44,edu:u05,1.0
edu,edu:u44,edu:u07,2.0
edu,edu:u44,edu:u08,1.0
edu,edu:u44,edu:u09,1.0
edu,edu:u44,edu:u10,1.0
edu,edu:u44,edu:u12,1.0
edu,edu:u44,edu:u13,1.0
edu,edu:u44,edu:u14,1.0
edu,edu:u44,edu:u15,1.0
edu,edu:u44,edu:u16,1.0
edu,edu:u44,edu:u17,1.0
edu,edu:u44,edu:u18,1.0
edu,edu:u44,edu:u19,1.0
edu,edu:u44,edu:u20,1.0
edu,edu:u44,edu:u22,1.0
edu,edu:u44,edu:u23,1.0
edu,edu:u44,edu:u24,2.0
edu,edu:u44,edu:u25,1.0
edu,edu:u44,edu:u27,1.0
edu,edu:u44,edu:u30,1.0
edu,edu:u44,edu:u31,1.0
edu,edu:u44,edu:u32,1.0
edu,edu:u44,edu:u34,1.0
edu,edu:u44,edu:u35,1.0
edu,edu:u44,edu:u41,1.0
edu,edu:u44,edu:u42,1.0
edu,edu:u44,edu:u43,1.0
edu,edu:u44,edu:u45,1.0
edu,edu:u44,edu:u46,1.0
edu,edu:u44,edu:u47,2.0
edu,edu:u44,edu:u49,1.0
edu,edu:u44,edu:u50,2.0
edu,edu:u44,edu:u51,1.0
edu,edu:u44,edu:u52,1.0
edu,edu:u44,edu:u53,1.0
edu,edu:u44,edu:u54,1.0
edu,edu:u44,edu:u57,2.0
edu,edu:u44,edu:u58,1.0
edu,edu:u44,edu:u59,1.0
edu,edu:u45,edu:u02,1.0
edu,edu:u45,edu:u03,1.0
edu,edu:u45,edu:u04,1.0
edu,edu:u45,edu:u05,1.0
edu,edu:u45,edu:u07,1.0
edu,edu:u45,edu:u08,1.0
edu,edu:u45,edu:u09,1.0
edu,edu:u45,edu:u10,1.0
edu,edu:u45,edu:u12,1.0
edu,edu:u45,edu:u13,2.0
edu,edu:u45,edu:u14,1.0
edu,edu:u45,edu:u15,1.0
edu,edu:u45,edu:u16,1.0
edu,edu:u45,edu:u17,1.0
edu,edu:u45,edu:u18,1.0
edu,edu:u45,edu:u19,1.0
edu,edu:u45,edu:u20,2.0
edu,edu:u45,edu:u22,1.0
edu,edu:u45,edu:u23,2.0
edu,edu:u45,edu:u24,1.0
edu,edu:u45,edu:u25,1.0
edu,edu:u45,edu:u27,1.0
edu,edu:u45,edu:u30,1.0
edu,edu:u45,edu:u31,1.0
edu,edu:u45,edu:u32,1.0
edu,edu:u45,edu:u34,2.0
edu,edu:u45,edu:u35,2.0
edu,edu:u45,edu:u41,1.0
edu,edu:u45,edu:u42,2.0
edu,edu:u45,edu:u43,1.0
edu,edu:u45,edu:u44,1.0
edu,edu:u45,edu:u46,1.0
edu,edu:u45,edu:u47,1.0
edu,edu:u45,edu:u49,1.0
edu,edu:u45,edu:u50,1.0
edu,edu:u45,edu:u51,2.0
edu,edu:u45,edu:u52,1.0
edu,edu:u45,edu:u53,1.0
edu,edu:u45,edu:u54,1.0
edu,edu:u45,edu:u57,1.0
edu,edu:u45,edu:u58,2.0
edu,edu:u45,edu:u59,1.0
edu,edu:u46,edu:u02,1.0
edu,edu:u46,edu:u03,1.0
edu,edu:u46,edu:u04,1.0
edu,edu:u46,edu:u05,2.0
edu,edu:u46,edu:u07,1.0
edu,edu:u46,edu:u08,1.0
edu,edu:u46,edu:u09,1.0
edu,edu:u46,edu:u10,2.0
edu,edu:u46,edu:u12,2.0
edu,edu:u46,edu:u13,1.0
edu,edu:u46,edu:u14,1.0
edu,edu:u46,edu:u15,1.0
edu,edu:u46,edu:u16,1.0
edu,edu:u46,edu:u17,1.0
edu,edu:u46,edu:u18,1.0
edu,edu:u46,edu:u19,2.0
edu,edu:u46,edu:u20,1.0
edu,edu:u46,edu:u22,2.0
edu,edu:u46,edu:u23,1.0
edu,edu:u46,edu:u24,1.0
edu,edu:u46,edu:u25,1.0
edu,edu:u46,edu:u27,1.0
edu,edu:u46,edu:u30,2.0
edu,edu:u46,edu:u31,1.0
edu,edu:u46,edu:u32,1.0
edu,edu:u46,edu:u34,1.0
edu,edu:u46,edu:u35,1.0
edu,edu:u46,edu:u41,2.0
edu,edu:u46,edu:u42,1.0
edu,edu:u46,edu:u43,1.0
edu,edu:u46,edu:u44,1.0
edu,edu:u46,edu:u45,1.0
edu,edu:u46,edu:u47,1.0
edu,edu:u46,edu:u49,1.0
edu,edu:u46,edu:u50,1.0
edu,edu:u46,edu:u51,1.0
edu,edu:u46,edu:u52,2.0
edu,edu:u46,edu:u53,1.0
edu,edu:u46,edu:u54,1.0
edu,edu:u46,edu:u57,1.0
edu,edu:u46,edu:u58,1.0
edu,edu:u46,edu:u59,1.0
edu,edu:u47,edu:u02,1.0
edu,edu:u47,edu:u03,1.0
edu,edu:u47,edu:u04,1.0
edu,edu:u47,edu:u05,1.0
edu,edu:u47,edu:u07,2.0
edu,edu:u47,edu:u08,1.0
edu,edu:u47,edu:u09,1.0
edu,edu:u47,edu:u10,1.0
edu,edu:u47,edu:u12,1.0
edu,edu:u47,edu:u13,1.0
edu,edu:u47,edu:u14,1.0
edu,edu:u47,edu:u15,1.0
edu,edu:u47,edu:u16,1.0
edu,edu:u47,edu:u17,1.0
edu,edu:u47,edu:u18,1.0
edu,edu:u47,edu:u19,1.0
edu,edu:u47,edu:u20,1.0
edu,edu:u47,edu:u22,1.0
edu,edu:u47,edu:u23,1.0
edu,edu:u47,edu:u24,2.0
edu,edu:u47,edu:u25,1.0
edu,edu:u47,edu:u27,1.0
edu,edu:u47,edu:u30,1.0
edu,edu:u47,edu:u31,1.0
edu,edu:u47,edu:u32,1.0
edu,edu:u47,edu:u34,1.0
edu,edu:u47,edu:u35,1.0
edu,edu:u47,edu:u41,1.0
edu,edu:u47,edu:u42,1.0
edu,edu:u47,edu:u43,1.0
edu,edu:u47,edu:u44,2.0
edu,edu:u47,edu:u45,1.0
edu,edu:u47,edu:u46,1.0
edu,edu:u47,edu:u49,1.0
edu,edu:u47,edu:u50,2.0
edu,edu:u47,edu:u51,1.0
edu,edu:u47,edu:u52,1.0
edu,edu:u47,edu:u53,1.0
edu,edu:u47,edu:u54,1.0
edu,edu:u47,edu:u57,2.0
edu,edu:u47,edu:u58,1.0
edu,edu:u47,edu:u59,1.0
edu,edu:u49,edu:u02,1.0
edu,edu:u49,edu:u03,1.0
edu,edu:u49,edu:u04,1.0
edu,edu:u49,edu:u05,1.0
edu,edu:u49,edu:u07,1.0
edu,edu:u49,edu:u08,1.0
edu,edu:u49,edu:u09,1.0
edu,edu:u49,edu:u10,1.0
edu,edu:u49,edu:u12,1.0
edu,edu:u49,edu:u13,1.0
edu,edu:u49,edu:u14,1.0
edu,edu:u49,edu:u15,1.0
edu,edu:u49,edu:u16,1.0
edu,edu:u49,edu:u17,1.0
edu,edu:u49,edu:u18,1.0
edu,edu:u49,edu:u19,1.0
edu,edu:u49,edu:u20,1.0
edu,edu:u49,edu:u22,1.0
edu,edu:u49,edu:u23,1.0
edu,edu:u49,edu:u24,1.0
edu,edu:u49,edu:u25,1.0
edu,edu:u49,edu:u27,1.0
edu,edu:u49,edu:u30,1.0
edu,edu:u49,edu:u31,1.0
edu,edu:u49,edu:u32,1.0
edu,edu:u49,edu:u34,1.0
edu,edu:u49,edu:u35,1.0
edu,edu:u49,edu:u41,1.0
edu,edu:u49,edu:u42,1.0
edu,edu:u49,edu:u43,1.0
edu,edu:u49,edu:u44,1.0
edu,edu:u49,edu:u45,1.0
edu,edu:u49,edu:u46,1.0
edu,edu:u49,edu:u47,1.0
edu,edu:u49,edu:u50,1.0
edu,edu:u49,edu:u51,1.0
edu,edu:u49,edu:u52,1.0
edu,edu:u49,edu:u53,1.0
edu,edu:u49,edu:u54,1.0
edu,edu:u49,edu:u57,1.0
edu,edu:u49,edu:u58,1.0
edu,edu:u49,edu:u59,1.0
edu,edu:u50,edu:u02,1.0
edu,edu:u50,edu:u03,1.0
edu,edu:u50,edu:u04,1.0
edu,edu:u50,edu:u05,1.0
edu,edu:u50,edu:u07,2.0
edu,edu:u50,edu:u08,1.0
edu,edu:u50,edu:u09,1.0
edu,edu:u50,edu:u10,1.0
edu,edu:u50,edu:u12,1.0
edu,edu:u50,edu:u13,1.0
edu,edu:u50,edu:u14,1.0
edu,edu:u50,edu:u15,1.0
edu,edu:u50,edu:u16,1.0
edu,edu:u50,edu:u17,1.0
edu,edu:u50,edu:u18,1.0
edu,edu:u50,edu:u19,1.0
edu,edu:u50,edu:u20,1.0
edu,edu:u50,edu:u22,1.0
edu,edu:u50,edu:u23,1.0
edu,edu:u50,edu:u24,2.0
edu,edu:u50,edu:u25,1.0
edu,edu:u50,edu:u27,1.0
edu,edu:u50,edu:u30,1.0
edu,edu:u50,edu:u31,1.0
edu,edu:u50,edu:u32,1.0
edu,edu:u50,edu:u34,1.0
edu,edu:u50,edu:u35,1.0
edu,edu:u50,edu:u41,1.0
edu,edu:u50,edu:u42,1.0
edu,edu:u50,edu:u43,1.0
edu,edu:u50,edu:u44,2.0
edu,edu:u50,edu:u45,1.0
edu,edu:u50,edu:u46,1.0
edu,edu:u50,edu:u47,2.0
edu,edu:u50,edu:u49,1.0
edu,edu:u50,edu:u51,1.0
edu,edu:u50,edu:u52,1.0
edu,edu:u50,edu:u53,1.0
edu,edu:u50,edu:u54,1.0
edu,edu:u50,edu:u57,2.0
edu,edu:u50,edu:u58,1.0
edu,edu:u50,edu:u59,1.0
edu,edu:u51,edu:u02,1.0
edu,edu:u51,edu:u03,1.0
edu,edu:u51,edu:u04,1.0
edu,edu:u51,edu:u05,1.0
edu,edu:u51,edu:u07,1.0
edu,edu:u51,edu:u08,1.0
edu,edu:u51,edu:u09,1.0
edu,edu:u51,edu:u10,1.0
edu,edu:u51,edu:u12,1.0
edu,edu:u51,edu:u13,2.0
edu,edu:u51,edu:u14,1.0
edu,edu:u51,edu:u15,1.0
edu,edu:u51,edu:u16,1.0
edu,edu:u51,edu:u17,1.0
edu,edu:u51,edu:u18,1.0
edu,edu:u51,edu:u19,1.0
edu,edu:u51,edu:u20,2.0
edu,edu:u51,edu:u22,1.0
edu,edu:u51,edu:u23,2.0
edu,edu:u51,edu:u24,1.0
edu,edu:u51,edu:u25,1.0
edu,edu:u51,edu:u27,1.0
edu,edu:u51,edu:u30,1.0
edu,edu:u51,edu:u31,1.0
edu,edu:u51,edu:u32,1.0
edu,edu:u51,edu:u34,2.0
edu,edu:u51,edu:u35,2.0
edu,edu:u51,edu:u41,1.0
edu,edu:u51,edu:u42,2.0
edu,edu:u51,edu:u43,1.0
edu,edu:u51,edu:u44,1.0
edu,edu:u51,edu:u45,2.0
edu,edu:u51,edu:u46,1.0
edu,edu:u51,edu:u47,1.0
edu,edu:u51,edu:u49,1.0
edu,edu:u51,edu:u50,1.0
edu,edu:u51,edu:u52,1.0
edu,edu:u51,edu:u53,1.0
edu,edu:u51,edu:u54,1.0
edu,edu:u51,edu:u57,1.0
edu,edu:u51,edu:u58,2.0
edu,edu:u51,edu:u59,1.0
edu,edu:u52,edu:u02,1.0
edu,edu:u52,edu:u03,1.0
edu,edu:u52,edu:u04,1.0
edu,edu:u52,edu:u05,2.0
edu,edu:u52,edu:u07,1.0
edu,edu:u52,edu:u08,1.0
edu,edu:u52,edu:u09,1.0
edu,edu:u52,edu:u10,2.0
edu,edu:u52,edu:u12,2.0
edu,edu:u52,edu:u13,1.0
edu,edu:u52,edu:u14,1.0
edu,edu:u52,edu:u15,1.0
edu,edu:u52,edu:u16,1.0
edu,edu:u52,edu:u17,1.0
edu,edu:u52,edu:u18,1.0
edu,edu:u52,edu:u19,2.0
edu,edu:u52,edu:u20,1.0
edu,edu:u52,edu:u22,2.0
edu,edu:u52,edu:u23,1.0
edu,edu:u52,edu:u24,1.0
edu,edu:u52,edu:u25,1.0
edu,edu:u52,edu:u27,1.0
edu,edu:u52,edu:u30,2.0
edu,edu:u52,edu:u31,1.0
edu,edu:u52,edu:u32,1.0
edu,edu:u52,edu:u34,1.0
edu,edu:u52,edu:u35,1.0
edu,edu:u52,edu:u41,2.0
edu,edu:u52,edu:u42,1.0
edu,edu:u52,edu:u43,1.0
edu,edu:u52,edu:u44,1.0
edu,edu:u52,edu:u45,1.0
edu,edu:u52,edu:u46,2.0
edu,edu:u52,edu:u47,1.0
edu,edu:u52,edu:u49,1.0
edu,edu:u52,edu:u50,1.0
edu,edu:u52,edu:u51,1.0
edu,edu:u52,edu:u53,1.0
edu,edu:u52,edu:u54,1.0
edu,edu:u52,edu:u57,1.0
edu,edu:u52,edu:u58,1.0
edu,edu:u52,edu:u59,1.0
edu,edu:u53,edu:u02,1.0
edu,edu:u53,edu:u03,1.0
edu,edu:u53,edu:u04,1.0
edu,edu:u53,edu:u05,1.0
edu,edu:u53,edu:u07,1.0
edu,edu:u53,edu:u08,2.0
edu,edu:u53,edu:u09,1.0
edu,edu:u53,edu:u10,1.0
edu,edu:u53,edu:u12,2.0
edu,edu:u53,edu:u13,1.0
edu,edu:u53,edu:u14,1.0
edu,edu:u53,edu:u15,1.0
edu,edu:u53,edu:u16,1.0
edu,edu:u53,edu:u17,2.0
edu,edu:u53,edu:u18,2.0
edu,edu:u53,edu:u19,1.0
edu,edu:u53,edu:u20,1.0
edu,edu:u53,edu:u22,1.0
edu,edu:u53,edu:u23,1.0
edu,edu:u53,edu:u24,1.0
edu,edu:u53,edu:u25,1.0
edu,edu:u53,edu:u27,1.0
edu,edu:u53,edu:u30,1.0
edu,edu:u53,edu:u31,1.0
edu,edu:u53,edu:u32,1.0
edu,edu:u53,edu:u34,1.0
edu,edu:u53,edu:u35,1.0
edu,edu:u53,edu:u41,1.0
edu,edu:u53,edu:u42,1.0
edu,edu:u53,edu:u43,1.0
edu,edu:u53,edu:u44,1.0
edu,edu:u53,edu:u45,1.0
edu,edu:u53,edu:u46,1.0
edu,edu:u53,edu:u47,1.0
edu,edu:u53,edu:u49,1.0
edu,edu:u53,edu:u50,1.0
edu,edu:u53,edu:u51,1.0
edu,edu:u53,edu:u52,1.0
edu,edu:u53,edu:u54,1.0
edu,edu:u53,edu:u57,1.0
edu,edu:u53,edu:u58,1.0
edu,edu:u53,edu:u59,1.0
edu,edu:u54,edu:u02,1.0
edu,edu:u54,edu:u03,1.0
edu,edu:u54,edu:u04,1.0
edu,edu:u54,edu:u05,1.0
edu,edu:u54,edu:u07,1.0
edu,edu:u54,edu:u08,1.0
edu,edu:u54,edu:u09,1.0
edu,edu:u54,edu:u10,1.0
edu,edu:u54,edu:u12,1.0
edu,edu:u54,edu:u13,1.0
edu,edu:u54,edu:u14,1.0
edu,edu:u54,edu:u15,1.0
edu,edu:u54,edu:u16,1.0
edu,edu:u54,edu:u17,1.0
edu,edu:u54,edu:u18,1.0
edu,edu:u54,edu:u19,1.0
edu,edu:u54,edu:u20,1.0
edu,edu:u54,edu:u22,1.0
edu,edu:u54,edu:u23,1.0
edu,edu:u54,edu:u24,1.0
edu,edu:u54,edu:u25,1.0
edu,edu:u54,edu:u27,1.0
edu,edu:u54,edu:u30,1.0
edu,edu:u54,edu:u31,1.0
edu,edu:u54,edu:u32,2.0
edu,edu:u54,edu:u33,1.0
edu,edu:u54,edu:u34,1.0
edu,edu:u54,edu:u35,1.0
edu,edu:u54,edu:u41,1.0
edu,edu:u54,edu:u42,1.0
edu,edu:u54,edu:u43,1.0
edu,edu:u54,edu:u44,1.0
edu,edu:u54,edu:u45,1.0
edu,edu:u54,edu:u46,1.0
edu,edu:u54,edu:u47,1.0
edu,edu:u54,edu:u49,1.0
edu,edu:u54,edu:u50,1.0
edu,edu:u54,edu:u51,1.0
edu,edu:u54,edu:u52,1.0
edu,edu:u54,edu:u53,1.0
edu,edu:u54,edu:u57,1.0
edu,edu:u54,edu:u58,1.0
edu,edu:u54,edu:u59,1.0
edu,edu:u57,edu:u02,2.0
edu,edu:u57,edu:u03,1.0
edu,edu:u57,edu:u04,1.0
edu,edu:u57,edu:u05,1.0
edu,edu:u57,edu:u07,2.0
edu,edu:u57,edu:u08,1.0
edu,edu:u57,edu:u09,1.0
edu,edu:u57,edu:u10,1.0
edu,edu:u57,edu:u12,1.0
edu,edu:u57,edu:u13,1.0
edu,edu:u57,edu:u14,1.0
edu,edu:u57,edu:u15,1.0
edu,edu:u57,edu:u16,1.0
edu,edu:u57,edu:u17,1.0
edu,edu:u57,edu:u18,1.0
edu,edu:u57,edu:u19,1.0
edu,edu:u57,edu:u20,1.0
edu,edu:u57,edu:u22,1.0
edu,edu:u57,edu:u23,1.0
edu,edu:u57,edu:u24,2.0
edu,edu:u57,edu:u25,1.0
edu,edu:u57,edu:u27,1.0
edu,edu:u57,edu:u30,1.0
edu,edu:u57,edu:u31,1.0
edu,edu:u57,edu:u32,1.0
edu,edu:u57,edu:u34,1.0
edu,edu:u57,edu:u35,1.0
edu,edu:u57,edu:u41,1.0
edu,edu:u57,edu:u42,1.0
edu,edu:u57,edu:u43,1.0
edu,edu:u57,edu:u44,2.0
edu,edu:u57,edu:u45,1.0
edu,edu:u57,edu:u46,1.0
edu,edu:u57,edu:u47,2.0
edu,edu:u57,edu:u49,1.0
edu,edu:u57,edu:u50,2.0
edu,edu:u57,edu:u51,1.0
edu,edu:u57,edu:u52,1.0
edu,edu:u57,edu:u53,1.0
edu,edu:u57,edu:u54,1.0
edu,edu:u57,edu:u58,1.0
edu,edu:u57,edu:u59,1.0
edu,edu:u58,edu:u02,1.0
edu,edu:u58,edu:u03,1.0
edu,edu:u58,edu:u04,1.0
edu,edu:u58,edu:u05,1.0
edu,edu:u58,edu:u07,1.0
edu,edu:u58,edu:u08,1.0
edu,edu:u58,edu:u09,1.0
edu,edu:u58,edu:u10,1.0
edu,edu:u58,edu:u12,1.0
edu,edu:u58,edu:u13,2.0
edu,edu:u58,edu:u14,1.0
edu,edu:u58,edu:u15,1.0
edu,edu:u58,edu:u16,1.0
edu,edu:u58,edu:u17,1.0
edu,edu:u58,edu:u18,1.0
edu,edu:u58,edu:u19,1.0
edu,edu:u58,edu:u20,2.0
edu,edu:u58,edu:u22,1.0
edu,edu:u58,edu:u23,2.0
edu,edu:u58,edu:u24,1.0
edu,edu:u58,edu:u25,1.0
edu,edu:u58,edu:u27,1.0
edu,edu:u58,edu:u30,1.0
edu,edu:u58,edu:u31,1.0
edu,edu:u58,edu:u32,1.0
edu,edu:u58,edu:u34,2.0
edu,edu:u58,edu:u35,2.0
edu,edu:u58,edu:u41,1.0
edu,edu:u58,edu:u42,2.0
edu,edu:u58,edu:u43,1.0
edu,edu:u58,edu:u44,1.0
edu,edu:u58,edu:u45,2.0
edu,edu:u58,edu:u46,1.0
edu,edu:u58,edu:u47,1.0
edu,edu:u58,edu:u49,1.0
edu,edu:u58,edu:u50,1.0
edu,edu:u58,edu:u51,2.0
edu,edu:u58,edu:u52,1.0
edu,edu:u58,edu:u53,1.0
edu,edu:u58,edu:u54,1.0
edu,edu:u58,edu:u57,1.0
edu,edu:u58,edu:u59,1.0
edu,edu:u59,edu:u02,1.0
edu,edu:u59,edu:u03,1.0
edu,edu:u59,edu:u04,1.0
edu,edu:u59,edu:u05,1.0
edu,edu:u59,edu:u07,1.0
edu,edu:u59,edu:u08,1.0
edu,edu:u59,edu:u09,1.0
edu,edu:u59,edu:u10,1.0
edu,edu:u59,edu:u12,1.0
edu,edu:u59,edu:u13,1.0
edu,edu:u59,edu:u14,1.0
edu,edu:u59,edu:u15,1.0
edu,edu:u59,edu:u16,1.0
edu,edu:u59,edu:u17,1.0
edu,edu:u59,edu:u18,1.0
edu,edu:u59,edu:u19,1.0
edu,edu:u59,edu:u20,1.0
edu,edu:u59,edu:u22,1.0
edu,edu:u59,edu:u23,1.0
edu,edu:u59,edu:u24,1.0
edu,edu:u59,edu:u25,1.0
edu,edu:u59,edu:u27,1.0
edu,edu:u59,edu:u30,1.0
edu,edu:u59,edu:u31,1.0
edu,edu:u59,edu:u32,1.0
edu,edu:u59,edu:u34,1.0
edu,edu:u59,edu:u35,1.0
edu,edu:u59,edu:u41,1.0
edu,edu:u59,edu:u42,1.0
edu,edu:u59,edu:u43,1.0
edu,edu:u59,edu:u44,1.0
edu,edu:u59,edu:u45,1.0
edu,edu:u59,edu:u46,1.0
edu,edu:u59,edu:u47,1.0
edu,edu:u59,edu:u49,1.0
edu,edu:u59,edu:u50,1.0
edu,edu:u59,edu:u51,1.0
edu,edu:u59,edu:u52,1.0
edu,edu:u59,edu:u53,1.0
edu,edu:u59,edu:u54,1.0
edu,edu:u59,edu:u57,1.0
edu,edu:u59,edu:u58,1.0
inter,phy:u00,beh:u00,1.0
inter,phy:u00,edu:u00,1.0
inter,beh:u00,edu:u00,1.0
inter,phy:u01,beh:u01,1.0
inter,phy:u01,edu:u01,1.0
inter,beh:u01,edu:u01,1.0
inter,phy:u02,beh:u02,1.0
inter,phy:u02,edu:u02,1.0
inter,beh:u02,edu:u02,1.0
inter,phy:u03,beh:u03,1.0
inter,phy:u03,edu:u03,1.0
inter,beh:u03,edu:u03,1.0
inter,phy:u04,beh:u04,1.0
inter,phy:u04,edu:u04,1.0
inter,beh:u04,edu:u04,1.0
inter,phy:u05,beh:u05,1.0
inter,phy:u05,edu:u05,1.0
inter,beh:u05,edu:u05,1.0
inter,phy:u07,beh:u07,1.0
inter,phy:u07,edu:u07,1.0
inter,beh:u07,edu:u07,1.0
inter,phy:u08,beh:u08,1.0
inter,phy:u08,edu:u08,1.0
inter,beh:u08,edu:u08,1.0
inter,phy:u09,beh:u09,1.0
inter,phy:u09,edu:u09,1.0
inter,beh:u09,edu:u09,1.0
inter,phy:u10,beh:u10,1.0
inter,phy:u10,edu:u10,1.0
inter,beh:u10,edu:u10,1.0
inter,phy:u12,beh:u12,1.0
inter,phy:u12,edu:u12,1.0
inter,beh:u12,edu:u12,1.0
inter,phy:u13,beh:u13,1.0
inter,phy:u13,edu:u13,1.0
inter,beh:u13,edu:u13,1.0
inter,phy:u14,beh:u14,1.0
inter,phy:u14,edu:u14,1.0
inter,beh:u14,edu:u14,1.0
inter,phy:u15,beh:u15,1.0
inter,phy:u15,edu:u15,1.0
inter,beh:u15,edu:u15,1.0
inter,phy:u16,beh:u16,1.0
inter,phy:u16,edu:u16,1.0
inter,beh:u16,edu:u16,1.0
inter,phy:u17,beh:u17,1.0
inter,phy:u17,edu:u17,1.0
inter,beh:u17,edu:u17,1.0
inter,phy:u18,beh:u18,1.0
inter,phy:u18,edu:u18,1.0
inter,beh:u18,edu:u18,1.0
inter,phy:u19,beh:u19,1.0
inter,phy:u19,edu:u19,1.0
inter,beh:u19,edu:u19,1.0
inter,phy:u20,beh:u20,1.0
inter,phy:u20,edu:u20,1.0
inter,beh:u20,edu:u20,1.0
inter,phy:u22,beh:u22,1.0
inter,phy:u22,edu:u22,1.0
inter,beh:u22,edu:u22,1.0
inter,phy:u23,beh:u23,1.0
inter,phy:u23,edu:u23,1.0
inter,beh:u23,edu:u23,1.0
inter,phy:u24,beh:u24,1.0
inter,phy:u24,edu:u24,1.0
inter,beh:u24,edu:u24,1.0
inter,phy:u25,beh:u25,1.0
inter,phy:u25,edu:u25,1.0
inter,beh:u25,edu:u25,1.0
inter,phy:u27,beh:u27,1.0
inter,phy:u27,edu:u27,1.0
inter,beh:u27,edu:u27,1.0
inter,phy:u30,beh:u30,1.0
inter,phy:u30,edu:u30,1.0
inter,beh:u30,edu:u30,1.0
inter,phy:u31,beh:u31,1.0
inter,phy:u31,edu:u31,1.0
inter,beh:u31,edu:u31,1.0
inter,phy:u32,beh:u32,1.0
inter,phy:u32,edu:u32,1.0
inter,beh:u32,edu:u32,1.0
inter,phy:u33,beh:u33,1.0
inter,phy:u33,edu:u33,1.0
inter,beh:u33,edu:u33,1.0
inter,phy:u34,beh:u34,1.0
inter,phy:u34,edu:u34,1.0
inter,beh:u34,edu:u34,1.0
inter,phy:u35,beh:u35,1.0
inter,phy:u35,edu:u35,1.0
inter,beh:u35,edu:u35,1.0
inter,phy:u36,beh:u36,1.0
inter,phy:u36,edu:u36,1.0
inter,beh:u36,edu:u36,1.0
inter,phy:u39,beh:u39,1.0
inter,phy:u39,edu:u39,1.0
inter,beh:u39,edu:u39,1.0
inter,phy:u41,beh:u41,1.0
inter,phy:u41,edu:u41,1.0
inter,beh:u41,edu:u41,1.0
inter,phy:u42,beh:u42,1.0
inter,phy:u42,edu:u42,1.0
inter,beh:u42,edu:u42,1.0
inter,phy:u43,beh:u43,1.0
inter,phy:u43,edu:u43,1.0
inter,beh:u43,edu:u43,1.0
inter,phy:u44,beh:u44,1.0
inter,phy:u44,edu:u44,1.0
inter,beh:u44,edu:u44,1.0
inter,phy:u45,beh:u45,1.0
inter,phy:u45,edu:u45,1.0
inter,beh:u45,edu:u45,1.0
inter,phy:u46,beh:u46,1.0
inter,phy:u46,edu:u46,1.0
inter,beh:u46,edu:u46,1.0
inter,phy:u47,beh:u47,1.0
inter,phy:u47,edu:u47,1.0
inter,beh:u47,edu:u47,1.0
inter,phy:u49,beh:u49,1.0
inter,phy:u49,edu:u49,1.0
inter,beh:u49,edu:u49,1.0
inter,phy:u50,beh:u50,1.0
inter,phy:u50,edu:u50,1.0
inter,beh:u50,edu:u50,1.0
inter,phy:u51,beh:u51,1.0
inter,phy:u51,edu:u51,1.0
inter,beh:u51,edu:u51,1.0
inter,phy:u52,beh:u52,1.0
inter,phy:u52,edu:u52,1.0
inter,beh:u52,edu:u52,1.0
inter,phy:u53,beh:u53,1.0
inter,phy:u53,edu:u53,1.0
inter,beh:u53,edu:u53,1.0
inter,phy:u54,beh:u54,1.0
inter,phy:u54,edu:u54,1.0
inter,beh:u54,edu:u54,1.0
inter,phy:u56,beh:u56,1.0
inter,phy:u56,edu:u56,1.0
inter,beh:u56,edu:u56,1.0
inter,phy:u57,beh:u57,1.0
inter,phy:u57,edu:u57,1.0
inter,beh:u57,edu:u57,1.0
inter,phy:u58,beh:u58,1.0
inter,phy:u58,edu:u58,1.0
inter,beh:u58,edu:u58,1.0
inter,phy:u59,beh:u59,1.0
inter,phy:u59,edu:u59,1.0
inter,beh:u59,edu:u59,1.0
